time_utc,global_in_plane_irradiance_w_m2
20200101:0030,0.0
20200101:0130,0.0
20200101:0230,0.0
20200101:0330,0.0
20200101:0430,0.0
20200101:0530,0.0
20200101:0630,0.0
20200101:0730,0.0
20200101:0830,0.0
20200101:0930,0.0
20200101:1030,0.0
20200101:1130,0.0
20200101:1230,0.0
20200101:1330,0.0
20200101:1430,10.25
20200101:1530,95.7
20200101:1630,183.2
20200101:1730,282.95
20200101:1830,305.75
20200101:1930,212.25
20200101:2030,285.31
20200101:2130,293.11
20200101:2230,178.41
20200101:2330,11.5
20200102:0030,0.0
20200102:0130,0.0
20200102:0230,0.0
20200102:0330,0.0
20200102:0430,0.0
20200102:0530,0.0
20200102:0630,0.0
20200102:0730,0.0
20200102:0830,0.0
20200102:0930,0.0
20200102:1030,0.0
20200102:1130,0.0
20200102:1230,0.0
20200102:1330,0.0
20200102:1430,10.5
20200102:1530,117.85
20200102:1630,279.56
20200102:1730,436.01
20200102:1830,500.37
20200102:1930,503.77
20200102:2030,446.57
20200102:2130,319.41
20200102:2230,181.06
20200102:2330,12.05
20200103:0030,0.0
20200103:0130,0.0
20200103:0230,0.0
20200103:0330,0.0
20200103:0430,0.0
20200103:0530,0.0
20200103:0630,0.0
20200103:0730,0.0
20200103:0830,0.0
20200103:0930,0.0
20200103:1030,0.0
20200103:1130,0.0
20200103:1230,0.0
20200103:1330,0.0
20200103:1430,7.8
20200103:1530,157.61
20200103:1630,312.16
20200103:1730,405.91
20200103:1830,494.32
20200103:1930,500.47
20200103:2030,440.96
20200103:2130,331.41
20200103:2230,178.96
20200103:2330,12.3
20200104:0030,0.0
20200104:0130,0.0
20200104:0230,0.0
20200104:0330,0.0
20200104:0430,0.0
20200104:0530,0.0
20200104:0630,0.0
20200104:0730,0.0
20200104:0830,0.0
20200104:0930,0.0
20200104:1030,0.0
20200104:1130,0.0
20200104:1230,0.0
20200104:1330,0.0
20200104:1430,10.7
20200104:1530,139.51
20200104:1630,310.96
20200104:1730,432.61
20200104:1830,488.52
20200104:1930,499.62
20200104:2030,444.76
20200104:2130,337.66
20200104:2230,185.96
20200104:2330,12.35
20200105:0030,0.0
20200105:0130,0.0
20200105:0230,0.0
20200105:0330,0.0
20200105:0430,0.0
20200105:0530,0.0
20200105:0630,0.0
20200105:0730,0.0
20200105:0830,0.0
20200105:0930,0.0
20200105:1030,0.0
20200105:1130,0.0
20200105:1230,0.0
20200105:1330,0.0
20200105:1430,8.1
20200105:1530,161.16
20200105:1630,319.71
20200105:1730,440.97
20200105:1830,502.52
20200105:1930,506.62
20200105:2030,447.81
20200105:2130,336.66
20200105:2230,188.11
20200105:2330,12.7
20200106:0030,0.0
20200106:0130,0.0
20200106:0230,0.0
20200106:0330,0.0
20200106:0430,0.0
20200106:0530,0.0
20200106:0630,0.0
20200106:0730,0.0
20200106:0830,0.0
20200106:0930,0.0
20200106:1030,0.0
20200106:1130,0.0
20200106:1230,0.0
20200106:1330,0.0
20200106:1430,8.2
20200106:1530,163.11
20200106:1630,326.26
20200106:1730,445.77
20200106:1830,507.77
20200106:1930,518.02
20200106:2030,462.87
20200106:2130,350.16
20200106:2230,194.91
20200106:2330,13.3
20200107:0030,0.0
20200107:0130,0.0
20200107:0230,0.0
20200107:0330,0.0
20200107:0430,0.0
20200107:0530,0.0
20200107:0630,0.0
20200107:0730,0.0
20200107:0830,0.0
20200107:0930,0.0
20200107:1030,0.0
20200107:1130,0.0
20200107:1230,0.0
20200107:1330,0.0
20200107:1430,8.05
20200107:1530,162.61
20200107:1630,323.11
20200107:1730,445.32
20200107:1830,510.42
20200107:1930,517.22
20200107:2030,461.37
20200107:2130,349.81
20200107:2230,195.96
20200107:2330,13.6
20200108:0030,0.0
20200108:0130,0.0
20200108:0230,0.0
20200108:0330,0.0
20200108:0430,0.0
20200108:0530,0.0
20200108:0630,0.0
20200108:0730,0.0
20200108:0830,0.0
20200108:0930,0.0
20200108:1030,0.0
20200108:1130,0.0
20200108:1230,0.0
20200108:1330,0.0
20200108:1430,8.2
20200108:1530,144.21
20200108:1630,302.71
20200108:1730,423.31
20200108:1830,507.62
20200108:1930,507.32
20200108:2030,458.67
20200108:2130,342.11
20200108:2230,186.46
20200108:2330,16.35
20200109:0030,0.0
20200109:0130,0.0
20200109:0230,0.0
20200109:0330,0.0
20200109:0430,0.0
20200109:0530,0.0
20200109:0630,0.0
20200109:0730,0.0
20200109:0830,0.0
20200109:0930,0.0
20200109:1030,0.0
20200109:1130,0.0
20200109:1230,0.0
20200109:1330,0.0
20200109:1430,8.05
20200109:1530,159.51
20200109:1630,322.71
20200109:1730,446.27
20200109:1830,512.72
20200109:1930,515.27
20200109:2030,400.01
20200109:2130,191.81
20200109:2230,144.35
20200109:2330,21.05
20200110:0030,0.0
20200110:0130,0.0
20200110:0230,0.0
20200110:0330,0.0
20200110:0430,0.0
20200110:0530,0.0
20200110:0630,0.0
20200110:0730,0.0
20200110:0830,0.0
20200110:0930,0.0
20200110:1030,0.0
20200110:1130,0.0
20200110:1230,0.0
20200110:1330,0.0
20200110:1430,9.65
20200110:1530,128.05
20200110:1630,122.75
20200110:1730,170.2
20200110:1830,244.0
20200110:1930,370.81
20200110:2030,245.96
20200110:2130,253.76
20200110:2230,119.05
20200110:2330,17.25
20200111:0030,0.0
20200111:0130,0.0
20200111:0230,0.0
20200111:0330,0.0
20200111:0430,0.0
20200111:0530,0.0
20200111:0630,0.0
20200111:0730,0.0
20200111:0830,0.0
20200111:0930,0.0
20200111:1030,0.0
20200111:1130,0.0
20200111:1230,0.0
20200111:1330,0.0
20200111:1430,8.4
20200111:1530,166.71
20200111:1630,322.16
20200111:1730,453.22
20200111:1830,522.47
20200111:1930,533.42
20200111:2030,460.36
20200111:2130,335.36
20200111:2230,166.26
20200111:2330,22.95
20200112:0030,0.0
20200112:0130,0.0
20200112:0230,0.0
20200112:0330,0.0
20200112:0430,0.0
20200112:0530,0.0
20200112:0630,0.0
20200112:0730,0.0
20200112:0830,0.0
20200112:0930,0.0
20200112:1030,0.0
20200112:1130,0.0
20200112:1230,0.0
20200112:1330,0.0
20200112:1430,8.4
20200112:1530,169.36
20200112:1630,339.76
20200112:1730,467.22
20200112:1830,540.12
20200112:1930,542.97
20200112:2030,483.72
20200112:2130,346.36
20200112:2230,195.96
20200112:2330,18.7
20200113:0030,0.0
20200113:0130,0.0
20200113:0230,0.0
20200113:0330,0.0
20200113:0430,0.0
20200113:0530,0.0
20200113:0630,0.0
20200113:0730,0.0
20200113:0830,0.0
20200113:0930,0.0
20200113:1030,0.0
20200113:1130,0.0
20200113:1230,0.0
20200113:1330,0.0
20200113:1430,8.5
20200113:1530,168.66
20200113:1630,334.36
20200113:1730,462.22
20200113:1830,526.12
20200113:1930,528.57
20200113:2030,413.16
20200113:2130,351.76
20200113:2230,221.06
20200113:2330,16.9
20200114:0030,0.0
20200114:0130,0.0
20200114:0230,0.0
20200114:0330,0.0
20200114:0430,0.0
20200114:0530,0.0
20200114:0630,0.0
20200114:0730,0.0
20200114:0830,0.0
20200114:0930,0.0
20200114:1030,0.0
20200114:1130,0.0
20200114:1230,0.0
20200114:1330,0.0
20200114:1430,8.65
20200114:1530,172.56
20200114:1630,339.06
20200114:1730,467.27
20200114:1830,539.17
20200114:1930,547.42
20200114:2030,493.27
20200114:2130,382.01
20200114:2230,224.91
20200114:2330,17.45
20200115:0030,0.0
20200115:0130,0.0
20200115:0230,0.0
20200115:0330,0.0
20200115:0430,0.0
20200115:0530,0.0
20200115:0630,0.0
20200115:0730,0.0
20200115:0830,0.0
20200115:0930,0.0
20200115:1030,0.0
20200115:1130,0.0
20200115:1230,0.0
20200115:1330,0.0
20200115:1430,8.75
20200115:1530,173.16
20200115:1630,338.91
20200115:1730,465.17
20200115:1830,538.77
20200115:1930,547.12
20200115:2030,492.72
20200115:2130,380.86
20200115:2230,225.06
20200115:2330,17.9
20200116:0030,0.0
20200116:0130,0.0
20200116:0230,0.0
20200116:0330,0.0
20200116:0430,0.0
20200116:0530,0.0
20200116:0630,0.0
20200116:0730,0.0
20200116:0830,0.0
20200116:0930,0.0
20200116:1030,0.0
20200116:1130,0.0
20200116:1230,0.0
20200116:1330,0.0
20200116:1430,9.5
20200116:1530,166.11
20200116:1630,305.06
20200116:1730,393.01
20200116:1830,391.31
20200116:1930,399.91
20200116:2030,316.45
20200116:2130,220.9
20200116:2230,139.65
20200116:2330,28.85
20200117:0030,0.0
20200117:0130,0.0
20200117:0230,0.0
20200117:0330,0.0
20200117:0430,0.0
20200117:0530,0.0
20200117:0630,0.0
20200117:0730,0.0
20200117:0830,0.0
20200117:0930,0.0
20200117:1030,0.0
20200117:1130,0.0
20200117:1230,0.0
20200117:1330,0.0
20200117:1430,8.9
20200117:1530,170.56
20200117:1630,329.26
20200117:1730,448.51
20200117:1830,526.72
20200117:1930,531.02
20200117:2030,443.06
20200117:2130,349.86
20200117:2230,209.11
20200117:2330,50.18
20200118:0030,0.0
20200118:0130,0.0
20200118:0230,0.0
20200118:0330,0.0
20200118:0430,0.0
20200118:0530,0.0
20200118:0630,0.0
20200118:0730,0.0
20200118:0830,0.0
20200118:0930,0.0
20200118:1030,0.0
20200118:1130,0.0
20200118:1230,0.0
20200118:1330,0.0
20200118:1430,9.3
20200118:1530,159.01
20200118:1630,306.66
20200118:1730,427.86
20200118:1830,521.67
20200118:1930,500.96
20200118:2030,396.51
20200118:2130,346.01
20200118:2230,190.41
20200118:2330,54.68
20200119:0030,0.0
20200119:0130,0.0
20200119:0230,0.0
20200119:0330,0.0
20200119:0430,0.0
20200119:0530,0.0
20200119:0630,0.0
20200119:0730,0.0
20200119:0830,0.0
20200119:0930,0.0
20200119:1030,0.0
20200119:1130,0.0
20200119:1230,0.0
20200119:1330,0.0
20200119:1430,9.3
20200119:1530,176.71
20200119:1630,342.21
20200119:1730,460.41
20200119:1830,541.67
20200119:1930,554.37
20200119:2030,496.76
20200119:2130,392.96
20200119:2230,238.91
20200119:2330,61.18
20200120:0030,0.0
20200120:0130,0.0
20200120:0230,0.0
20200120:0330,0.0
20200120:0430,0.0
20200120:0530,0.0
20200120:0630,0.0
20200120:0730,0.0
20200120:0830,0.0
20200120:0930,0.0
20200120:1030,0.0
20200120:1130,0.0
20200120:1230,0.0
20200120:1330,0.0
20200120:1430,10.05
20200120:1530,182.46
20200120:1630,351.01
20200120:1730,484.67
20200120:1830,535.46
20200120:1930,565.42
20200120:2030,515.07
20200120:2130,396.21
20200120:2230,229.11
20200120:2330,48.59
20200121:0030,0.0
20200121:0130,0.0
20200121:0230,0.0
20200121:0330,0.0
20200121:0430,0.0
20200121:0530,0.0
20200121:0630,0.0
20200121:0730,0.0
20200121:0830,0.0
20200121:0930,0.0
20200121:1030,0.0
20200121:1130,0.0
20200121:1230,0.0
20200121:1330,0.0
20200121:1430,12.4
20200121:1530,60.45
20200121:1630,132.0
20200121:1730,187.0
20200121:1830,282.0
20200121:1930,195.0
20200121:2030,234.8
20200121:2130,215.35
20200121:2230,146.25
20200121:2330,46.69
20200122:0030,0.0
20200122:0130,0.0
20200122:0230,0.0
20200122:0330,0.0
20200122:0430,0.0
20200122:0530,0.0
20200122:0630,0.0
20200122:0730,0.0
20200122:0830,0.0
20200122:0930,0.0
20200122:1030,0.0
20200122:1130,0.0
20200122:1230,0.0
20200122:1330,0.0
20200122:1430,16.65
20200122:1530,129.66
20200122:1630,315.31
20200122:1730,399.91
20200122:1830,513.21
20200122:1930,542.11
20200122:2030,463.11
20200122:2130,356.46
20200122:2230,236.06
20200122:2330,60.58
20200123:0030,0.0
20200123:0130,0.0
20200123:0230,0.0
20200123:0330,0.0
20200123:0430,0.0
20200123:0530,0.0
20200123:0630,0.0
20200123:0730,0.0
20200123:0830,0.0
20200123:0930,0.0
20200123:1030,0.0
20200123:1130,0.0
20200123:1230,0.0
20200123:1330,0.0
20200123:1430,12.8
20200123:1530,152.76
20200123:1630,281.41
20200123:1730,436.31
20200123:1830,470.36
20200123:1930,451.41
20200123:2030,442.41
20200123:2130,384.41
20200123:2230,237.81
20200123:2330,77.26
20200124:0030,0.0
20200124:0130,0.0
20200124:0230,0.0
20200124:0330,0.0
20200124:0430,0.0
20200124:0530,0.0
20200124:0630,0.0
20200124:0730,0.0
20200124:0830,0.0
20200124:0930,0.0
20200124:1030,0.0
20200124:1130,0.0
20200124:1230,0.0
20200124:1330,0.0
20200124:1430,10.5
20200124:1530,183.66
20200124:1630,347.06
20200124:1730,473.86
20200124:1830,528.36
20200124:1930,543.31
20200124:2030,507.91
20200124:2130,394.66
20200124:2230,235.51
20200124:2330,66.6
20200125:0030,0.0
20200125:0130,0.0
20200125:0230,0.0
20200125:0330,0.0
20200125:0430,0.0
20200125:0530,0.0
20200125:0630,0.0
20200125:0730,0.0
20200125:0830,0.0
20200125:0930,0.0
20200125:1030,0.0
20200125:1130,0.0
20200125:1230,0.0
20200125:1330,0.0
20200125:1430,12.75
20200125:1530,163.56
20200125:1630,328.86
20200125:1730,477.11
20200125:1830,556.52
20200125:1930,567.82
20200125:2030,526.02
20200125:2130,416.56
20200125:2230,259.11
20200125:2330,83.11
20200126:0030,0.0
20200126:0130,0.0
20200126:0230,0.0
20200126:0330,0.0
20200126:0430,0.0
20200126:0530,0.0
20200126:0630,0.0
20200126:0730,0.0
20200126:0830,0.0
20200126:0930,0.0
20200126:1030,0.0
20200126:1130,0.0
20200126:1230,0.0
20200126:1330,0.0
20200126:1430,13.85
20200126:1530,184.21
20200126:1630,360.11
20200126:1730,482.31
20200126:1830,555.37
20200126:1930,559.22
20200126:2030,494.41
20200126:2130,388.91
20200126:2230,250.51
20200126:2330,85.61
20200127:0030,0.0
20200127:0130,0.0
20200127:0230,0.0
20200127:0330,0.0
20200127:0430,0.0
20200127:0530,0.0
20200127:0630,0.0
20200127:0730,0.0
20200127:0830,0.0
20200127:0930,0.0
20200127:1030,0.0
20200127:1130,0.0
20200127:1230,0.0
20200127:1330,0.0
20200127:1430,13.35
20200127:1530,106.45
20200127:1630,171.1
20200127:1730,198.75
20200127:1830,193.75
20200127:1930,196.95
20200127:2030,185.0
20200127:2130,121.3
20200127:2230,49.4
20200127:2330,26.45
20200128:0030,0.0
20200128:0130,0.0
20200128:0230,0.0
20200128:0330,0.0
20200128:0430,0.0
20200128:0530,0.0
20200128:0630,0.0
20200128:0730,0.0
20200128:0830,0.0
20200128:0930,0.0
20200128:1030,0.0
20200128:1130,0.0
20200128:1230,0.0
20200128:1330,0.0
20200128:1430,12.35
20200128:1530,202.56
20200128:1630,380.06
20200128:1730,512.26
20200128:1830,575.32
20200128:1930,600.72
20200128:2030,548.52
20200128:2130,438.86
20200128:2230,280.26
20200128:2330,99.91
20200129:0030,0.0
20200129:0130,0.0
20200129:0230,0.0
20200129:0330,0.0
20200129:0430,0.0
20200129:0530,0.0
20200129:0630,0.0
20200129:0730,0.0
20200129:0830,0.0
20200129:0930,0.0
20200129:1030,0.0
20200129:1130,0.0
20200129:1230,0.0
20200129:1330,0.0
20200129:1430,14.96
20200129:1530,81.8
20200129:1630,183.3
20200129:1730,251.75
20200129:1830,353.9
20200129:1930,390.7
20200129:2030,338.1
20200129:2130,299.86
20200129:2230,200.2
20200129:2330,83.05
20200130:0030,0.0
20200130:0130,0.0
20200130:0230,0.0
20200130:0330,0.0
20200130:0430,0.0
20200130:0530,0.0
20200130:0630,0.0
20200130:0730,0.0
20200130:0830,0.0
20200130:0930,0.0
20200130:1030,0.0
20200130:1130,0.0
20200130:1230,0.0
20200130:1330,0.0
20200130:1430,34.34
20200130:1530,206.56
20200130:1630,365.51
20200130:1730,457.96
20200130:1830,578.22
20200130:1930,575.61
20200130:2030,308.7
20200130:2130,200.9
20200130:2230,138.5
20200130:2330,46.3
20200131:0030,0.0
20200131:0130,0.0
20200131:0230,0.0
20200131:0330,0.0
20200131:0430,0.0
20200131:0530,0.0
20200131:0630,0.0
20200131:0730,0.0
20200131:0830,0.0
20200131:0930,0.0
20200131:1030,0.0
20200131:1130,0.0
20200131:1230,0.0
20200131:1330,0.0
20200131:1430,36.25
20200131:1530,214.76
20200131:1630,379.41
20200131:1730,462.46
20200131:1830,552.96
20200131:1930,604.32
20200131:2030,537.16
20200131:2130,388.11
20200131:2230,275.51
20200131:2330,103.66
20200201:0030,0.0
20200201:0130,0.0
20200201:0230,0.0
20200201:0330,0.0
20200201:0430,0.0
20200201:0530,0.0
20200201:0630,0.0
20200201:0730,0.0
20200201:0830,0.0
20200201:0930,0.0
20200201:1030,0.0
20200201:1130,0.0
20200201:1230,0.0
20200201:1330,0.0
20200201:1430,35.7
20200201:1530,209.66
20200201:1630,366.71
20200201:1730,496.41
20200201:1830,593.57
20200201:1930,611.22
20200201:2030,557.61
20200201:2130,450.81
20200201:2230,294.91
20200201:2330,109.86
20200202:0030,0.0
20200202:0130,0.0
20200202:0230,0.0
20200202:0330,0.0
20200202:0430,0.0
20200202:0530,0.0
20200202:0630,0.0
20200202:0730,0.0
20200202:0830,0.0
20200202:0930,0.0
20200202:1030,0.0
20200202:1130,0.0
20200202:1230,0.0
20200202:1330,0.0
20200202:1430,39.49
20200202:1530,221.06
20200202:1630,396.71
20200202:1730,531.21
20200202:1830,606.17
20200202:1930,621.77
20200202:2030,573.42
20200202:2130,465.16
20200202:2230,306.61
20200202:2330,121.11
20200203:0030,0.0
20200203:0130,0.0
20200203:0230,0.0
20200203:0330,0.0
20200203:0430,0.0
20200203:0530,0.0
20200203:0630,0.0
20200203:0730,0.0
20200203:0830,0.0
20200203:0930,0.0
20200203:1030,0.0
20200203:1130,0.0
20200203:1230,0.0
20200203:1330,0.0
20200203:1430,19.71
20200203:1530,100.25
20200203:1630,202.05
20200203:1730,254.5
20200203:1830,252.7
20200203:1930,224.9
20200203:2030,224.1
20200203:2130,221.75
20200203:2230,122.25
20200203:2330,47.6
20200204:0030,0.0
20200204:0130,0.0
20200204:0230,0.0
20200204:0330,0.0
20200204:0430,0.0
20200204:0530,0.0
20200204:0630,0.0
20200204:0730,0.0
20200204:0830,0.0
20200204:0930,0.0
20200204:1030,0.0
20200204:1130,0.0
20200204:1230,0.0
20200204:1330,0.0
20200204:1430,18.73
20200204:1530,124.8
20200204:1630,229.65
20200204:1730,319.25
20200204:1830,406.75
20200204:1930,427.8
20200204:2030,405.3
20200204:2130,297.95
20200204:2230,157.2
20200204:2330,76.05
20200205:0030,0.0
20200205:0130,0.0
20200205:0230,0.0
20200205:0330,0.0
20200205:0430,0.0
20200205:0530,0.0
20200205:0630,0.0
20200205:0730,0.0
20200205:0830,0.0
20200205:0930,0.0
20200205:1030,0.0
20200205:1130,0.0
20200205:1230,0.0
20200205:1330,0.0
20200205:1430,48.53
20200205:1530,244.96
20200205:1630,426.26
20200205:1730,563.41
20200205:1830,648.22
20200205:1930,662.82
20200205:2030,610.52
20200205:2130,497.11
20200205:2230,331.01
20200205:2330,135.46
20200206:0030,0.0
20200206:0130,0.0
20200206:0230,0.0
20200206:0330,0.0
20200206:0430,0.0
20200206:0530,0.0
20200206:0630,0.0
20200206:0730,0.0
20200206:0830,0.0
20200206:0930,0.0
20200206:1030,0.0
20200206:1130,0.0
20200206:1230,0.0
20200206:1330,0.0
20200206:1430,28.26
20200206:1530,149.15
20200206:1630,252.2
20200206:1730,308.7
20200206:1830,263.15
20200206:1930,286.05
20200206:2030,275.75
20200206:2130,264.9
20200206:2230,196.75
20200206:2330,60.15
20200207:0030,0.0
20200207:0130,0.0
20200207:0230,0.0
20200207:0330,0.0
20200207:0430,0.0
20200207:0530,0.0
20200207:0630,0.0
20200207:0730,0.0
20200207:0830,0.0
20200207:0930,0.0
20200207:1030,0.0
20200207:1130,0.0
20200207:1230,0.0
20200207:1330,0.0
20200207:1430,25.9
20200207:1530,89.6
20200207:1630,142.45
20200207:1730,252.05
20200207:1830,333.0
20200207:1930,394.05
20200207:2030,378.65
20200207:2130,293.8
20200207:2230,218.75
20200207:2330,84.4
20200208:0030,0.0
20200208:0130,0.0
20200208:0230,0.0
20200208:0330,0.0
20200208:0430,0.0
20200208:0530,0.0
20200208:0630,0.0
20200208:0730,0.0
20200208:0830,0.0
20200208:0930,0.0
20200208:1030,0.0
20200208:1130,0.0
20200208:1230,0.0
20200208:1330,0.0
20200208:1430,49.68
20200208:1530,235.81
20200208:1630,422.51
20200208:1730,566.66
20200208:1830,650.62
20200208:1930,667.22
20200208:2030,615.71
20200208:2130,500.41
20200208:2230,337.06
20200208:2330,144.56
20200209:0030,0.0
20200209:0130,0.0
20200209:0230,0.0
20200209:0330,0.0
20200209:0430,0.0
20200209:0530,0.0
20200209:0630,0.0
20200209:0730,0.0
20200209:0830,0.0
20200209:0930,0.0
20200209:1030,0.0
20200209:1130,0.0
20200209:1230,0.0
20200209:1330,0.0
20200209:1430,11.38
20200209:1530,80.3
20200209:1630,188.45
20200209:1730,363.2
20200209:1830,387.45
20200209:1930,445.95
20200209:2030,383.05
20200209:2130,250.05
20200209:2230,219.7
20200209:2330,106.3
20200210:0030,0.0
20200210:0130,0.0
20200210:0230,0.0
20200210:0330,0.0
20200210:0430,0.0
20200210:0530,0.0
20200210:0630,0.0
20200210:0730,0.0
20200210:0830,0.0
20200210:0930,0.0
20200210:1030,0.0
20200210:1130,0.0
20200210:1230,0.0
20200210:1330,0.0
20200210:1430,53.75
20200210:1530,239.66
20200210:1630,415.36
20200210:1730,396.06
20200210:1830,431.61
20200210:1930,376.55
20200210:2030,463.26
20200210:2130,405.41
20200210:2230,234.65
20200210:2330,87.45
20200211:0030,0.0
20200211:0130,0.0
20200211:0230,0.0
20200211:0330,0.0
20200211:0430,0.0
20200211:0530,0.0
20200211:0630,0.0
20200211:0730,0.0
20200211:0830,0.0
20200211:0930,0.0
20200211:1030,0.0
20200211:1130,0.0
20200211:1230,0.0
20200211:1330,0.0
20200211:1430,55.14
20200211:1530,237.26
20200211:1630,452.46
20200211:1730,598.06
20200211:1830,692.97
20200211:1930,709.47
20200211:2030,655.37
20200211:2130,538.06
20200211:2230,367.66
20200211:2330,166.11
20200212:0030,0.0
20200212:0130,0.0
20200212:0230,0.0
20200212:0330,0.0
20200212:0430,0.0
20200212:0530,0.0
20200212:0630,0.0
20200212:0730,0.0
20200212:0830,0.0
20200212:0930,0.0
20200212:1030,0.0
20200212:1130,0.0
20200212:1230,0.0
20200212:1330,0.0
20200212:1430,60.44
20200212:1530,180.65
20200212:1630,305.05
20200212:1730,426.41
20200212:1830,483.96
20200212:1930,504.21
20200212:2030,409.3
20200212:2130,332.7
20200212:2230,217.55
20200212:2330,70.45
20200213:0030,0.0
20200213:0130,0.0
20200213:0230,0.0
20200213:0330,0.0
20200213:0430,0.0
20200213:0530,0.0
20200213:0630,0.0
20200213:0730,0.0
20200213:0830,0.0
20200213:0930,0.0
20200213:1030,0.0
20200213:1130,0.0
20200213:1230,0.0
20200213:1330,0.0
20200213:1430,62.23
20200213:1530,261.06
20200213:1630,445.96
20200213:1730,586.41
20200213:1830,602.46
20200213:1930,623.56
20200213:2030,563.31
20200213:2130,453.21
20200213:2230,338.16
20200213:2330,152.2
20200214:0030,6.65
20200214:0130,0.0
20200214:0230,0.0
20200214:0330,0.0
20200214:0430,0.0
20200214:0530,0.0
20200214:0630,0.0
20200214:0730,0.0
20200214:0830,0.0
20200214:0930,0.0
20200214:1030,0.0
20200214:1130,0.0
20200214:1230,0.0
20200214:1330,0.0
20200214:1430,70.53
20200214:1530,275.96
20200214:1630,462.56
20200214:1730,604.96
20200214:1830,688.32
20200214:1930,695.62
20200214:2030,632.91
20200214:2130,514.46
20200214:2230,365.96
20200214:2330,174.06
20200215:0030,7.6
20200215:0130,0.0
20200215:0230,0.0
20200215:0330,0.0
20200215:0430,0.0
20200215:0530,0.0
20200215:0630,0.0
20200215:0730,0.0
20200215:0830,0.0
20200215:0930,0.0
20200215:1030,0.0
20200215:1130,0.0
20200215:1230,0.0
20200215:1330,0.0
20200215:1430,82.35
20200215:1530,277.91
20200215:1630,465.86
20200215:1730,608.71
20200215:1830,692.07
20200215:1930,706.97
20200215:2030,654.71
20200215:2130,521.46
20200215:2230,342.06
20200215:2330,172.76
20200216:0030,7.3
20200216:0130,0.0
20200216:0230,0.0
20200216:0330,0.0
20200216:0430,0.0
20200216:0530,0.0
20200216:0630,0.0
20200216:0730,0.0
20200216:0830,0.0
20200216:0930,0.0
20200216:1030,0.0
20200216:1130,0.0
20200216:1230,0.0
20200216:1330,0.0
20200216:1430,82.1
20200216:1530,277.21
20200216:1630,460.46
20200216:1730,584.91
20200216:1830,627.76
20200216:1930,647.46
20200216:2030,611.96
20200216:2130,503.41
20200216:2230,350.46
20200216:2330,169.81
20200217:0030,8.8
20200217:0130,0.0
20200217:0230,0.0
20200217:0330,0.0
20200217:0430,0.0
20200217:0530,0.0
20200217:0630,0.0
20200217:0730,0.0
20200217:0830,0.0
20200217:0930,0.0
20200217:1030,0.0
20200217:1130,0.0
20200217:1230,0.0
20200217:1330,0.0
20200217:1430,84.9
20200217:1530,240.76
20200217:1630,442.16
20200217:1730,547.36
20200217:1830,651.91
20200217:1930,644.81
20200217:2030,481.96
20200217:2130,417.11
20200217:2230,213.65
20200217:2330,100.4
20200218:0030,6.75
20200218:0130,0.0
20200218:0230,0.0
20200218:0330,0.0
20200218:0430,0.0
20200218:0530,0.0
20200218:0630,0.0
20200218:0730,0.0
20200218:0830,0.0
20200218:0930,0.0
20200218:1030,0.0
20200218:1130,0.0
20200218:1230,0.0
20200218:1330,0.0
20200218:1430,60.1
20200218:1530,227.75
20200218:1630,358.16
20200218:1730,427.31
20200218:1830,609.06
20200218:1930,552.81
20200218:2030,505.31
20200218:2130,496.81
20200218:2230,341.81
20200218:2330,183.01
20200219:0030,9.65
20200219:0130,0.0
20200219:0230,0.0
20200219:0330,0.0
20200219:0430,0.0
20200219:0530,0.0
20200219:0630,0.0
20200219:0730,0.0
20200219:0830,0.0
20200219:0930,0.0
20200219:1030,0.0
20200219:1130,0.0
20200219:1230,0.0
20200219:1330,0.0
20200219:1430,73.4
20200219:1530,205.65
20200219:1630,338.96
20200219:1730,362.86
20200219:1830,451.26
20200219:1930,565.46
20200219:2030,449.61
20200219:2130,320.95
20200219:2230,254.05
20200219:2330,63.2
20200220:0030,6.75
20200220:0130,0.0
20200220:0230,0.0
20200220:0330,0.0
20200220:0430,0.0
20200220:0530,0.0
20200220:0630,0.0
20200220:0730,0.0
20200220:0830,0.0
20200220:0930,0.0
20200220:1030,0.0
20200220:1130,0.0
20200220:1230,0.0
20200220:1330,0.0
20200220:1430,105.95
20200220:1530,317.61
20200220:1630,510.76
20200220:1730,657.46
20200220:1830,744.82
20200220:1930,761.87
20200220:2030,708.61
20200220:2130,590.01
20200220:2230,416.96
20200220:2330,209.06
20200221:0030,10.45
20200221:0130,0.0
20200221:0230,0.0
20200221:0330,0.0
20200221:0430,0.0
20200221:0530,0.0
20200221:0630,0.0
20200221:0730,0.0
20200221:0830,0.0
20200221:0930,0.0
20200221:1030,0.0
20200221:1130,0.0
20200221:1230,0.0
20200221:1330,0.0
20200221:1430,116.65
20200221:1530,329.01
20200221:1630,522.46
20200221:1730,667.86
20200221:1830,749.37
20200221:1930,762.57
20200221:2030,705.66
20200221:2130,585.01
20200221:2230,411.16
20200221:2330,207.66
20200222:0030,10.65
20200222:0130,0.0
20200222:0230,0.0
20200222:0330,0.0
20200222:0430,0.0
20200222:0530,0.0
20200222:0630,0.0
20200222:0730,0.0
20200222:0830,0.0
20200222:0930,0.0
20200222:1030,0.0
20200222:1130,0.0
20200222:1230,0.0
20200222:1330,0.0
20200222:1430,77.75
20200222:1530,220.0
20200222:1630,399.15
20200222:1730,506.05
20200222:1830,616.51
20200222:1930,642.16
20200222:2030,580.81
20200222:2130,468.31
20200222:2230,319.9
20200222:2330,143.65
20200223:0030,17.5
20200223:0130,0.0
20200223:0230,0.0
20200223:0330,0.0
20200223:0430,0.0
20200223:0530,0.0
20200223:0630,0.0
20200223:0730,0.0
20200223:0830,0.0
20200223:0930,0.0
20200223:1030,0.0
20200223:1130,0.0
20200223:1230,0.0
20200223:1330,0.0
20200223:1430,58.8
20200223:1530,158.95
20200223:1630,276.9
20200223:1730,305.55
20200223:1830,319.05
20200223:1930,427.0
20200223:2030,477.2
20200223:2130,466.66
20200223:2230,339.61
20200223:2330,125.1
20200224:0030,14.6
20200224:0130,0.0
20200224:0230,0.0
20200224:0330,0.0
20200224:0430,0.0
20200224:0530,0.0
20200224:0630,0.0
20200224:0730,0.0
20200224:0830,0.0
20200224:0930,0.0
20200224:1030,0.0
20200224:1130,0.0
20200224:1230,0.0
20200224:1330,0.0
20200224:1430,124.25
20200224:1530,299.71
20200224:1630,403.41
20200224:1730,571.16
20200224:1830,684.66
20200224:1930,712.61
20200224:2030,659.56
20200224:2130,539.16
20200224:2230,397.61
20200224:2330,168.85
20200225:0030,17.55
20200225:0130,0.0
20200225:0230,0.0
20200225:0330,0.0
20200225:0430,0.0
20200225:0530,0.0
20200225:0630,0.0
20200225:0730,0.0
20200225:0830,0.0
20200225:0930,0.0
20200225:1030,0.0
20200225:1130,0.0
20200225:1230,0.0
20200225:1330,0.0
20200225:1430,96.0
20200225:1530,196.15
20200225:1630,308.0
20200225:1730,500.36
20200225:1830,500.3
20200225:1930,505.65
20200225:2030,518.8
20200225:2130,468.96
20200225:2230,303.6
20200225:2330,188.95
20200226:0030,19.8
20200226:0130,0.0
20200226:0230,0.0
20200226:0330,0.0
20200226:0430,0.0
20200226:0530,0.0
20200226:0630,0.0
20200226:0730,0.0
20200226:0830,0.0
20200226:0930,0.0
20200226:1030,0.0
20200226:1130,0.0
20200226:1230,0.0
20200226:1330,0.0
20200226:1430,138.95
20200226:1530,351.46
20200226:1630,541.31
20200226:1730,683.56
20200226:1830,762.36
20200226:1930,775.91
20200226:2030,717.66
20200226:2130,459.01
20200226:2230,330.56
20200226:2330,166.4
20200227:0030,14.1
20200227:0130,0.0
20200227:0230,0.0
20200227:0330,0.0
20200227:0430,0.0
20200227:0530,0.0
20200227:0630,0.0
20200227:0730,0.0
20200227:0830,0.0
20200227:0930,0.0
20200227:1030,0.0
20200227:1130,0.0
20200227:1230,0.0
20200227:1330,0.0
20200227:1430,137.15
20200227:1530,351.81
20200227:1630,541.36
20200227:1730,686.36
20200227:1830,739.36
20200227:1930,767.71
20200227:2030,716.36
20200227:2130,605.36
20200227:2230,418.71
20200227:2330,218.41
20200228:0030,17.45
20200228:0130,0.0
20200228:0230,0.0
20200228:0330,0.0
20200228:0430,0.0
20200228:0530,0.0
20200228:0630,0.0
20200228:0730,0.0
20200228:0830,0.0
20200228:0930,0.0
20200228:1030,0.0
20200228:1130,0.0
20200228:1230,0.0
20200228:1330,0.0
20200228:1430,147.55
20200228:1530,359.01
20200228:1630,547.26
20200228:1730,688.41
20200228:1830,769.86
20200228:1930,783.51
20200228:2030,729.26
20200228:2130,611.26
20200228:2230,440.51
20200228:2330,235.46
20200229:0030,14.75
20200229:0130,0.0
20200229:0230,0.0
20200229:0330,0.0
20200229:0430,0.0
20200229:0530,0.0
20200229:0630,0.0
20200229:0730,0.0
20200229:0830,0.0
20200229:0930,0.0
20200229:1030,0.0
20200229:1130,0.0
20200229:1230,0.0
20200229:1330,0.0
20200229:1430,102.6
20200229:1530,273.2
20200229:1630,440.36
20200229:1730,576.51
20200229:1830,617.96
20200229:1930,572.4
20200229:2030,565.36
20200229:2130,448.9
20200229:2230,272.4
20200229:2330,156.75
20200301:0030,20.0
20200301:0130,0.0
20200301:0230,0.0
20200301:0330,0.0
20200301:0430,0.0
20200301:0530,0.0
20200301:0630,0.0
20200301:0730,0.0
20200301:0830,0.0
20200301:0930,0.0
20200301:1030,0.0
20200301:1130,0.0
20200301:1230,0.0
20200301:1330,0.0
20200301:1430,113.9
20200301:1530,327.36
20200301:1630,435.91
20200301:1730,587.81
20200301:1830,647.56
20200301:1930,646.76
20200301:2030,581.71
20200301:2130,490.86
20200301:2230,352.21
20200301:2330,154.25
20200302:0030,17.65
20200302:0130,0.0
20200302:0230,0.0
20200302:0330,0.0
20200302:0430,0.0
20200302:0530,0.0
20200302:0630,0.0
20200302:0730,0.0
20200302:0830,0.0
20200302:0930,0.0
20200302:1030,0.0
20200302:1130,0.0
20200302:1230,0.0
20200302:1330,0.0
20200302:1430,159.3
20200302:1530,369.81
20200302:1630,553.86
20200302:1730,698.26
20200302:1830,783.91
20200302:1930,800.46
20200302:2030,727.21
20200302:2130,613.16
20200302:2230,405.01
20200302:2330,229.5
20200303:0030,16.7
20200303:0130,0.0
20200303:0230,0.0
20200303:0330,0.0
20200303:0430,0.0
20200303:0530,0.0
20200303:0630,0.0
20200303:0730,0.0
20200303:0830,0.0
20200303:0930,0.0
20200303:1030,0.0
20200303:1130,0.0
20200303:1230,0.0
20200303:1330,0.0
20200303:1430,167.1
20200303:1530,379.91
20200303:1630,568.21
20200303:1730,708.06
20200303:1830,784.91
20200303:1930,796.51
20200303:2030,740.86
20200303:2130,624.66
20200303:2230,456.76
20200303:2330,252.51
20200304:0030,17.1
20200304:0130,0.0
20200304:0230,0.0
20200304:0330,0.0
20200304:0430,0.0
20200304:0530,0.0
20200304:0630,0.0
20200304:0730,0.0
20200304:0830,0.0
20200304:0930,0.0
20200304:1030,0.0
20200304:1130,0.0
20200304:1230,0.0
20200304:1330,0.0
20200304:1430,176.0
20200304:1530,392.86
20200304:1630,583.81
20200304:1730,725.31
20200304:1830,804.41
20200304:1930,815.81
20200304:2030,757.91
20200304:2130,625.51
20200304:2230,461.71
20200304:2330,254.16
20200305:0030,50.29
20200305:0130,0.0
20200305:0230,0.0
20200305:0330,0.0
20200305:0430,0.0
20200305:0530,0.0
20200305:0630,0.0
20200305:0730,0.0
20200305:0830,0.0
20200305:0930,0.0
20200305:1030,0.0
20200305:1130,0.0
20200305:1230,0.0
20200305:1330,0.0
20200305:1430,175.4
20200305:1530,387.86
20200305:1630,576.21
20200305:1730,716.56
20200305:1830,794.61
20200305:1930,805.66
20200305:2030,749.01
20200305:2130,629.41
20200305:2230,458.21
20200305:2330,254.16
20200306:0030,51.57
20200306:0130,0.0
20200306:0230,0.0
20200306:0330,0.0
20200306:0430,0.0
20200306:0530,0.0
20200306:0630,0.0
20200306:0730,0.0
20200306:0830,0.0
20200306:0930,0.0
20200306:1030,0.0
20200306:1130,0.0
20200306:1230,0.0
20200306:1330,0.0
20200306:1430,177.85
20200306:1530,366.61
20200306:1630,574.81
20200306:1730,718.61
20200306:1830,797.71
20200306:1930,810.51
20200306:2030,752.51
20200306:2130,629.86
20200306:2230,460.76
20200306:2330,257.61
20200307:0030,53.56
20200307:0130,0.0
20200307:0230,0.0
20200307:0330,0.0
20200307:0430,0.0
20200307:0530,0.0
20200307:0630,0.0
20200307:0730,0.0
20200307:0830,0.0
20200307:0930,0.0
20200307:1030,0.0
20200307:1130,0.0
20200307:1230,0.0
20200307:1330,0.0
20200307:1430,182.05
20200307:1530,393.16
20200307:1630,576.46
20200307:1730,711.56
20200307:1830,779.36
20200307:1930,784.51
20200307:2030,729.46
20200307:2130,623.21
20200307:2230,459.11
20200307:2330,258.76
20200308:0030,54.6
20200308:0130,0.0
20200308:0230,0.0
20200308:0330,0.0
20200308:0430,0.0
20200308:0530,0.0
20200308:0630,0.0
20200308:0730,0.0
20200308:0830,0.0
20200308:0930,0.0
20200308:1030,0.0
20200308:1130,0.0
20200308:1230,0.0
20200308:1330,8.3
20200308:1430,188.1
20200308:1530,395.91
20200308:1630,578.01
20200308:1730,712.26
20200308:1830,774.21
20200308:1930,799.31
20200308:2030,673.36
20200308:2130,553.36
20200308:2230,295.75
20200308:2330,199.65
20200309:0030,41.95
20200309:0130,0.0
20200309:0230,0.0
20200309:0330,0.0
20200309:0430,0.0
20200309:0530,0.0
20200309:0630,0.0
20200309:0730,0.0
20200309:0830,0.0
20200309:0930,0.0
20200309:1030,0.0
20200309:1130,0.0
20200309:1230,0.0
20200309:1330,8.75
20200309:1430,128.2
20200309:1530,275.5
20200309:1630,405.46
20200309:1730,693.71
20200309:1830,735.21
20200309:1930,750.51
20200309:2030,687.61
20200309:2130,586.71
20200309:2230,446.96
20200309:2330,237.6
20200310:0030,53.72
20200310:0130,0.0
20200310:0230,0.0
20200310:0330,0.0
20200310:0430,0.0
20200310:0530,0.0
20200310:0630,0.0
20200310:0730,0.0
20200310:0830,0.0
20200310:0930,0.0
20200310:1030,0.0
20200310:1130,0.0
20200310:1230,0.0
20200310:1330,13.4
20200310:1430,179.8
20200310:1530,380.81
20200310:1630,558.71
20200310:1730,689.96
20200310:1830,762.36
20200310:1930,684.41
20200310:2030,482.31
20200310:2130,494.56
20200310:2230,334.65
20200310:2330,238.0
20200311:0030,59.32
20200311:0130,0.0
20200311:0230,0.0
20200311:0330,0.0
20200311:0430,0.0
20200311:0530,0.0
20200311:0630,0.0
20200311:0730,0.0
20200311:0830,0.0
20200311:0930,0.0
20200311:1030,0.0
20200311:1130,0.0
20200311:1230,0.0
20200311:1330,10.5
20200311:1430,208.15
20200311:1530,411.11
20200311:1630,596.31
20200311:1730,726.26
20200311:1830,804.36
20200311:1930,819.11
20200311:2030,747.26
20200311:2130,634.26
20200311:2230,461.41
20200311:2330,252.25
20200312:0030,68.95
20200312:0130,0.0
20200312:0230,0.0
20200312:0330,0.0
20200312:0430,0.0
20200312:0530,0.0
20200312:0630,0.0
20200312:0730,0.0
20200312:0830,0.0
20200312:0930,0.0
20200312:1030,0.0
20200312:1130,0.0
20200312:1230,0.0
20200312:1330,18.45
20200312:1430,167.65
20200312:1530,346.25
20200312:1630,526.66
20200312:1730,572.01
20200312:1830,647.01
20200312:1930,499.36
20200312:2030,547.11
20200312:2130,546.26
20200312:2230,344.9
20200312:2330,201.35
20200313:0030,72.55
20200313:0130,0.0
20200313:0230,0.0
20200313:0330,0.0
20200313:0430,0.0
20200313:0530,0.0
20200313:0630,0.0
20200313:0730,0.0
20200313:0830,0.0
20200313:0930,0.0
20200313:1030,0.0
20200313:1130,0.0
20200313:1230,0.0
20200313:1330,12.35
20200313:1430,60.25
20200313:1530,217.5
20200313:1630,336.4
20200313:1730,301.1
20200313:1830,736.01
20200313:1930,662.26
20200313:2030,666.61
20200313:2130,587.71
20200313:2230,440.26
20200313:2330,236.45
20200314:0030,68.3
20200314:0130,0.0
20200314:0230,0.0
20200314:0330,0.0
20200314:0430,0.0
20200314:0530,0.0
20200314:0630,0.0
20200314:0730,0.0
20200314:0830,0.0
20200314:0930,0.0
20200314:1030,0.0
20200314:1130,0.0
20200314:1230,0.0
20200314:1330,12.75
20200314:1430,224.2
20200314:1530,436.06
20200314:1630,618.41
20200314:1730,750.11
20200314:1830,823.31
20200314:1930,819.41
20200314:2030,664.86
20200314:2130,548.86
20200314:2230,404.21
20200314:2330,266.6
20200315:0030,76.2
20200315:0130,0.0
20200315:0230,0.0
20200315:0330,0.0
20200315:0430,0.0
20200315:0530,0.0
20200315:0630,0.0
20200315:0730,0.0
20200315:0830,0.0
20200315:0930,0.0
20200315:1030,0.0
20200315:1130,0.0
20200315:1230,0.0
20200315:1330,28.73
20200315:1430,193.85
20200315:1530,392.46
20200315:1630,577.96
20200315:1730,713.81
20200315:1830,751.41
20200315:1930,724.81
20200315:2030,675.56
20200315:2130,572.46
20200315:2230,351.5
20200315:2330,242.95
20200316:0030,68.55
20200316:0130,0.0
20200316:0230,0.0
20200316:0330,0.0
20200316:0430,0.0
20200316:0530,0.0
20200316:0630,0.0
20200316:0730,0.0
20200316:0830,0.0
20200316:0930,0.0
20200316:1030,0.0
20200316:1130,0.0
20200316:1230,0.0
20200316:1330,37.57
20200316:1430,234.55
20200316:1530,444.31
20200316:1630,594.11
20200316:1730,736.11
20200316:1830,822.51
20200316:1930,816.26
20200316:2030,766.86
20200316:2130,658.01
20200316:2230,498.66
20200316:2330,291.9
20200317:0030,85.05
20200317:0130,0.0
20200317:0230,0.0
20200317:0330,0.0
20200317:0430,0.0
20200317:0530,0.0
20200317:0630,0.0
20200317:0730,0.0
20200317:0830,0.0
20200317:0930,0.0
20200317:1030,0.0
20200317:1130,0.0
20200317:1230,0.0
20200317:1330,26.26
20200317:1430,132.45
20200317:1530,341.3
20200317:1630,573.66
20200317:1730,751.11
20200317:1830,829.36
20200317:1930,780.06
20200317:2030,669.71
20200317:2130,566.41
20200317:2230,390.3
20200317:2330,246.45
20200318:0030,76.8
20200318:0130,0.0
20200318:0230,0.0
20200318:0330,0.0
20200318:0430,0.0
20200318:0530,0.0
20200318:0630,0.0
20200318:0730,0.0
20200318:0830,0.0
20200318:0930,0.0
20200318:1030,0.0
20200318:1130,0.0
20200318:1230,0.0
20200318:1330,43.96
20200318:1430,245.45
20200318:1530,455.66
20200318:1630,638.36
20200318:1730,770.36
20200318:1830,828.96
20200318:1930,762.06
20200318:2030,672.91
20200318:2130,582.21
20200318:2230,373.95
20200318:2330,182.45
20200319:0030,52.7
20200319:0130,0.0
20200319:0230,0.0
20200319:0330,0.0
20200319:0430,0.0
20200319:0530,0.0
20200319:0630,0.0
20200319:0730,0.0
20200319:0830,0.0
20200319:0930,0.0
20200319:1030,0.0
20200319:1130,0.0
20200319:1230,0.0
20200319:1330,7.73
20200319:1430,26.8
20200319:1530,48.45
20200319:1630,65.85
20200319:1730,76.65
20200319:1830,97.1
20200319:1930,129.35
20200319:2030,200.05
20200319:2130,178.05
20200319:2230,149.15
20200319:2330,128.45
20200320:0030,36.45
20200320:0130,0.0
20200320:0230,0.0
20200320:0330,0.0
20200320:0430,0.0
20200320:0530,0.0
20200320:0630,0.0
20200320:0730,0.0
20200320:0830,0.0
20200320:0930,0.0
20200320:1030,0.0
20200320:1130,0.0
20200320:1230,0.0
20200320:1330,41.23
20200320:1430,212.25
20200320:1530,448.81
20200320:1630,602.71
20200320:1730,728.66
20200320:1830,786.56
20200320:1930,673.41
20200320:2030,789.01
20200320:2130,612.41
20200320:2230,487.66
20200320:2330,245.05
20200321:0030,71.8
20200321:0130,0.0
20200321:0230,0.0
20200321:0330,0.0
20200321:0430,0.0
20200321:0530,0.0
20200321:0630,0.0
20200321:0730,0.0
20200321:0830,0.0
20200321:0930,0.0
20200321:1030,0.0
20200321:1130,0.0
20200321:1230,0.0
20200321:1330,55.84
20200321:1430,267.4
20200321:1530,482.71
20200321:1630,667.51
20200321:1730,794.91
20200321:1830,849.46
20200321:1930,839.36
20200321:2030,734.66
20200321:2130,604.71
20200321:2230,443.35
20200321:2330,185.95
20200322:0030,45.45
20200322:0130,0.0
20200322:0230,0.0
20200322:0330,0.0
20200322:0430,0.0
20200322:0530,0.0
20200322:0630,0.0
20200322:0730,0.0
20200322:0830,0.0
20200322:0930,0.0
20200322:1030,0.0
20200322:1130,0.0
20200322:1230,0.0
20200322:1330,57.3
20200322:1430,272.5
20200322:1530,469.46
20200322:1630,676.76
20200322:1730,808.66
20200322:1830,890.66
20200322:1930,909.86
20200322:2030,834.31
20200322:2130,719.26
20200322:2230,538.71
20200322:2330,327.75
20200323:0030,109.5
20200323:0130,0.0
20200323:0230,0.0
20200323:0330,0.0
20200323:0430,0.0
20200323:0530,0.0
20200323:0630,0.0
20200323:0730,0.0
20200323:0830,0.0
20200323:0930,0.0
20200323:1030,0.0
20200323:1130,0.0
20200323:1230,0.0
20200323:1330,62.39
20200323:1430,284.2
20200323:1530,502.16
20200323:1630,688.41
20200323:1730,808.36
20200323:1830,872.31
20200323:1930,864.01
20200323:2030,778.61
20200323:2130,576.65
20200323:2230,307.5
20200323:2330,206.1
20200324:0030,77.3
20200324:0130,0.0
20200324:0230,0.0
20200324:0330,0.0
20200324:0430,0.0
20200324:0530,0.0
20200324:0630,0.0
20200324:0730,0.0
20200324:0830,0.0
20200324:0930,0.0
20200324:1030,0.0
20200324:1130,0.0
20200324:1230,0.0
20200324:1330,66.48
20200324:1430,270.6
20200324:1530,483.16
20200324:1630,688.51
20200324:1730,798.96
20200324:1830,888.96
20200324:1930,907.41
20200324:2030,843.51
20200324:2130,719.86
20200324:2230,540.26
20200324:2330,332.7
20200325:0030,116.2
20200325:0130,0.0
20200325:0230,0.0
20200325:0330,0.0
20200325:0430,0.0
20200325:0530,0.0
20200325:0630,0.0
20200325:0730,0.0
20200325:0830,0.0
20200325:0930,0.0
20200325:1030,0.0
20200325:1130,0.0
20200325:1230,0.0
20200325:1330,65.97
20200325:1430,286.1
20200325:1530,500.86
20200325:1630,679.56
20200325:1730,813.71
20200325:1830,885.71
20200325:1930,876.81
20200325:2030,835.61
20200325:2130,693.46
20200325:2230,519.91
20200325:2330,309.25
20200326:0030,101.6
20200326:0130,0.0
20200326:0230,0.0
20200326:0330,0.0
20200326:0430,0.0
20200326:0530,0.0
20200326:0630,0.0
20200326:0730,0.0
20200326:0830,0.0
20200326:0930,0.0
20200326:1030,0.0
20200326:1130,0.0
20200326:1230,0.0
20200326:1330,83.65
20200326:1430,295.1
20200326:1530,504.46
20200326:1630,671.66
20200326:1730,783.61
20200326:1830,872.81
20200326:1930,873.56
20200326:2030,795.56
20200326:2130,612.61
20200326:2230,493.31
20200326:2330,322.6
20200327:0030,116.65
20200327:0130,0.0
20200327:0230,0.0
20200327:0330,0.0
20200327:0430,0.0
20200327:0530,0.0
20200327:0630,0.0
20200327:0730,0.0
20200327:0830,0.0
20200327:0930,0.0
20200327:1030,0.0
20200327:1130,0.0
20200327:1230,0.0
20200327:1330,61.2
20200327:1430,189.85
20200327:1530,282.8
20200327:1630,378.25
20200327:1730,535.51
20200327:1830,577.1
20200327:1930,512.95
20200327:2030,606.46
20200327:2130,619.96
20200327:2230,234.4
20200327:2330,211.25
20200328:0030,102.35
20200328:0130,0.0
20200328:0230,0.0
20200328:0330,0.0
20200328:0430,0.0
20200328:0530,0.0
20200328:0630,0.0
20200328:0730,0.0
20200328:0830,0.0
20200328:0930,0.0
20200328:1030,0.0
20200328:1130,0.0
20200328:1230,0.0
20200328:1330,80.4
20200328:1430,277.25
20200328:1530,527.81
20200328:1630,701.26
20200328:1730,852.56
20200328:1830,936.41
20200328:1930,940.91
20200328:2030,837.66
20200328:2130,683.71
20200328:2230,461.35
20200328:2330,318.6
20200329:0030,118.35
20200329:0130,0.0
20200329:0230,0.0
20200329:0330,0.0
20200329:0430,0.0
20200329:0530,0.0
20200329:0630,0.0
20200329:0730,0.0
20200329:0830,0.0
20200329:0930,0.0
20200329:1030,0.0
20200329:1130,0.0
20200329:1230,0.0
20200329:1330,105.75
20200329:1430,325.15
20200329:1530,541.01
20200329:1630,723.66
20200329:1730,852.06
20200329:1830,925.06
20200329:1930,922.26
20200329:2030,834.16
20200329:2130,659.66
20200329:2230,513.86
20200329:2330,293.25
20200330:0030,102.2
20200330:0130,0.0
20200330:0230,0.0
20200330:0330,0.0
20200330:0430,0.0
20200330:0530,0.0
20200330:0630,0.0
20200330:0730,0.0
20200330:0830,0.0
20200330:0930,0.0
20200330:1030,0.0
20200330:1130,0.0
20200330:1230,0.0
20200330:1330,72.25
20200330:1430,207.9
20200330:1530,359.15
20200330:1630,480.6
20200330:1730,613.65
20200330:1830,749.26
20200330:1930,773.81
20200330:2030,728.66
20200330:2130,667.51
20200330:2230,504.16
20200330:2330,278.5
20200331:0030,88.8
20200331:0130,0.0
20200331:0230,0.0
20200331:0330,0.0
20200331:0430,0.0
20200331:0530,0.0
20200331:0630,0.0
20200331:0730,0.0
20200331:0830,0.0
20200331:0930,0.0
20200331:1030,0.0
20200331:1130,0.0
20200331:1230,0.0
20200331:1330,109.0
20200331:1430,308.2
20200331:1530,535.81
20200331:1630,714.41
20200331:1730,843.21
20200331:1830,918.26
20200331:1930,906.86
20200331:2030,841.31
20200331:2130,708.76
20200331:2230,504.91
20200331:2330,351.3
20200401:0030,135.65
20200401:0130,0.0
20200401:0230,0.0
20200401:0330,0.0
20200401:0430,0.0
20200401:0530,0.0
20200401:0630,0.0
20200401:0730,0.0
20200401:0830,0.0
20200401:0930,0.0
20200401:1030,0.0
20200401:1130,0.0
20200401:1230,0.0
20200401:1330,91.25
20200401:1430,267.85
20200401:1530,468.4
20200401:1630,638.76
20200401:1730,742.51
20200401:1830,853.41
20200401:1930,840.76
20200401:2030,676.76
20200401:2130,626.26
20200401:2230,494.3
20200401:2330,283.0
20200402:0030,115.3
20200402:0130,0.0
20200402:0230,0.0
20200402:0330,0.0
20200402:0430,0.0
20200402:0530,0.0
20200402:0630,0.0
20200402:0730,0.0
20200402:0830,0.0
20200402:0930,0.0
20200402:1030,0.0
20200402:1130,0.0
20200402:1230,0.0
20200402:1330,58.75
20200402:1430,141.7
20200402:1530,213.55
20200402:1630,383.3
20200402:1730,333.15
20200402:1830,559.3
20200402:1930,697.11
20200402:2030,613.31
20200402:2130,451.1
20200402:2230,329.4
20200402:2330,168.7
20200403:0030,71.6
20200403:0130,0.0
20200403:0230,0.0
20200403:0330,0.0
20200403:0430,0.0
20200403:0530,0.0
20200403:0630,0.0
20200403:0730,0.0
20200403:0830,0.0
20200403:0930,0.0
20200403:1030,0.0
20200403:1130,0.0
20200403:1230,0.0
20200403:1330,103.25
20200403:1430,264.75
20200403:1530,480.5
20200403:1630,690.26
20200403:1730,780.31
20200403:1830,781.31
20200403:1930,726.41
20200403:2030,707.71
20200403:2130,445.15
20200403:2230,477.65
20200403:2330,299.6
20200404:0030,109.85
20200404:0130,0.0
20200404:0230,0.0
20200404:0330,0.0
20200404:0430,0.0
20200404:0530,0.0
20200404:0630,0.0
20200404:0730,0.0
20200404:0830,0.0
20200404:0930,0.0
20200404:1030,0.0
20200404:1130,0.0
20200404:1230,0.0
20200404:1330,127.7
20200404:1430,343.5
20200404:1530,555.46
20200404:1630,733.41
20200404:1730,844.61
20200404:1830,906.16
20200404:1930,907.76
20200404:2030,800.06
20200404:2130,696.51
20200404:2230,476.4
20200404:2330,286.7
20200405:0030,119.4
20200405:0130,0.0
20200405:0230,0.0
20200405:0330,0.0
20200405:0430,0.0
20200405:0530,0.0
20200405:0630,0.0
20200405:0730,0.0
20200405:0830,0.0
20200405:0930,0.0
20200405:1030,0.0
20200405:1130,0.0
20200405:1230,0.0
20200405:1330,130.25
20200405:1430,344.65
20200405:1530,518.35
20200405:1630,724.66
20200405:1730,853.86
20200405:1830,916.21
20200405:1930,754.21
20200405:2030,759.86
20200405:2130,640.46
20200405:2230,510.65
20200405:2330,316.85
20200406:0030,141.0
20200406:0130,0.0
20200406:0230,0.0
20200406:0330,0.0
20200406:0430,0.0
20200406:0530,0.0
20200406:0630,0.0
20200406:0730,0.0
20200406:0830,0.0
20200406:0930,0.0
20200406:1030,0.0
20200406:1130,0.0
20200406:1230,0.0
20200406:1330,137.8
20200406:1430,355.15
20200406:1530,567.41
20200406:1630,746.86
20200406:1730,876.06
20200406:1830,944.21
20200406:1930,946.41
20200406:2030,881.46
20200406:2130,754.36
20200406:2230,580.36
20200406:2330,371.9
20200407:0030,154.85
20200407:0130,0.0
20200407:0230,0.0
20200407:0330,0.0
20200407:0430,0.0
20200407:0530,0.0
20200407:0630,0.0
20200407:0730,0.0
20200407:0830,0.0
20200407:0930,0.0
20200407:1030,0.0
20200407:1130,0.0
20200407:1230,0.0
20200407:1330,143.75
20200407:1430,362.15
20200407:1530,573.66
20200407:1630,750.61
20200407:1730,876.91
20200407:1830,943.76
20200407:1930,944.11
20200407:2030,879.76
20200407:2130,750.26
20200407:2230,585.76
20200407:2330,377.8
20200408:0030,159.35
20200408:0130,0.0
20200408:0230,0.0
20200408:0330,0.0
20200408:0430,0.0
20200408:0530,0.0
20200408:0630,0.0
20200408:0730,0.0
20200408:0830,0.0
20200408:0930,0.0
20200408:1030,0.0
20200408:1130,0.0
20200408:1230,0.0
20200408:1330,148.25
20200408:1430,365.5
20200408:1530,574.56
20200408:1630,749.41
20200408:1730,876.31
20200408:1830,945.71
20200408:1930,848.61
20200408:2030,744.71
20200408:2130,611.66
20200408:2230,542.55
20200408:2330,375.5
20200409:0030,158.1
20200409:0130,0.0
20200409:0230,0.0
20200409:0330,0.0
20200409:0430,0.0
20200409:0530,0.0
20200409:0630,0.0
20200409:0730,0.0
20200409:0830,0.0
20200409:0930,0.0
20200409:1030,0.0
20200409:1130,0.0
20200409:1230,0.0
20200409:1330,143.5
20200409:1430,357.45
20200409:1530,571.75
20200409:1630,744.41
20200409:1730,865.61
20200409:1830,793.21
20200409:1930,674.76
20200409:2030,673.71
20200409:2130,597.75
20200409:2230,507.5
20200409:2330,304.3
20200410:0030,150.3
20200410:0130,0.0
20200410:0230,0.0
20200410:0330,0.0
20200410:0430,0.0
20200410:0530,0.0
20200410:0630,0.0
20200410:0730,0.0
20200410:0830,0.0
20200410:0930,0.0
20200410:1030,0.0
20200410:1130,0.0
20200410:1230,0.0
20200410:1330,148.25
20200410:1430,361.95
20200410:1530,570.8
20200410:1630,741.26
20200410:1730,866.66
20200410:1830,886.16
20200410:1930,879.86
20200410:2030,775.26
20200410:2130,597.26
20200410:2230,478.95
20200410:2330,291.25
20200411:0030,107.75
20200411:0130,6.15
20200411:0230,0.0
20200411:0330,0.0
20200411:0430,0.0
20200411:0530,0.0
20200411:0630,0.0
20200411:0730,0.0
20200411:0830,0.0
20200411:0930,0.0
20200411:1030,0.0
20200411:1130,0.0
20200411:1230,0.0
20200411:1330,164.8
20200411:1430,385.25
20200411:1530,596.5
20200411:1630,772.91
20200411:1730,899.91
20200411:1830,962.81
20200411:1930,928.36
20200411:2030,871.41
20200411:2130,598.01
20200411:2230,578.9
20200411:2330,377.35
20200412:0030,165.65
20200412:0130,9.15
20200412:0230,0.0
20200412:0330,0.0
20200412:0430,0.0
20200412:0530,0.0
20200412:0630,0.0
20200412:0730,0.0
20200412:0830,0.0
20200412:0930,0.0
20200412:1030,0.0
20200412:1130,0.0
20200412:1230,0.0
20200412:1330,76.55
20200412:1430,215.95
20200412:1530,388.65
20200412:1630,487.05
20200412:1730,572.75
20200412:1830,639.4
20200412:1930,688.7
20200412:2030,599.45
20200412:2130,467.45
20200412:2230,402.65
20200412:2330,174.65
20200413:0030,79.75
20200413:0130,5.9
20200413:0230,0.0
20200413:0330,0.0
20200413:0430,0.0
20200413:0530,0.0
20200413:0630,0.0
20200413:0730,0.0
20200413:0830,0.0
20200413:0930,0.0
20200413:1030,0.0
20200413:1130,0.0
20200413:1230,0.0
20200413:1330,97.8
20200413:1430,246.0
20200413:1530,379.0
20200413:1630,539.85
20200413:1730,480.4
20200413:1830,635.3
20200413:1930,469.85
20200413:2030,259.85
20200413:2130,333.95
20200413:2230,265.55
20200413:2330,131.4
20200414:0030,34.4
20200414:0130,3.8
20200414:0230,0.0
20200414:0330,0.0
20200414:0430,0.0
20200414:0530,0.0
20200414:0630,0.0
20200414:0730,0.0
20200414:0830,0.0
20200414:0930,0.0
20200414:1030,0.0
20200414:1130,0.0
20200414:1230,8.75
20200414:1330,188.85
20200414:1430,422.5
20200414:1530,642.5
20200414:1630,828.01
20200414:1730,958.76
20200414:1830,1023.66
20200414:1930,1021.31
20200414:2030,945.56
20200414:2130,814.31
20200414:2230,625.95
20200414:2330,404.7
20200415:0030,181.35
20200415:0130,9.6
20200415:0230,0.0
20200415:0330,0.0
20200415:0430,0.0
20200415:0530,0.0
20200415:0630,0.0
20200415:0730,0.0
20200415:0830,0.0
20200415:0930,0.0
20200415:1030,0.0
20200415:1130,0.0
20200415:1230,9.05
20200415:1330,186.8
20200415:1430,411.85
20200415:1530,586.95
20200415:1630,803.11
20200415:1730,881.61
20200415:1830,980.51
20200415:1930,962.41
20200415:2030,806.61
20200415:2130,702.01
20200415:2230,527.15
20200415:2330,366.75
20200416:0030,174.6
20200416:0130,9.8
20200416:0230,0.0
20200416:0330,0.0
20200416:0430,0.0
20200416:0530,0.0
20200416:0630,0.0
20200416:0730,0.0
20200416:0830,0.0
20200416:0930,0.0
20200416:1030,0.0
20200416:1130,0.0
20200416:1230,9.95
20200416:1330,101.4
20200416:1430,246.9
20200416:1530,328.5
20200416:1630,281.45
20200416:1730,631.55
20200416:1830,521.8
20200416:1930,310.15
20200416:2030,403.35
20200416:2130,425.9
20200416:2230,409.9
20200416:2330,196.6
20200417:0030,89.75
20200417:0130,10.0
20200417:0230,0.0
20200417:0330,0.0
20200417:0430,0.0
20200417:0530,0.0
20200417:0630,0.0
20200417:0730,0.0
20200417:0830,0.0
20200417:0930,0.0
20200417:1030,0.0
20200417:1130,0.0
20200417:1230,10.95
20200417:1330,188.65
20200417:1430,419.35
20200417:1530,644.1
20200417:1630,827.06
20200417:1730,956.11
20200417:1830,1023.56
20200417:1930,1022.91
20200417:2030,954.86
20200417:2130,824.61
20200417:2230,643.25
20200417:2330,424.25
20200418:0030,189.8
20200418:0130,10.8
20200418:0230,0.0
20200418:0330,0.0
20200418:0430,0.0
20200418:0530,0.0
20200418:0630,0.0
20200418:0730,0.0
20200418:0830,0.0
20200418:0930,0.0
20200418:1030,0.0
20200418:1130,0.0
20200418:1230,11.2
20200418:1330,198.7
20200418:1430,414.45
20200418:1530,591.5
20200418:1630,716.5
20200418:1730,730.8
20200418:1830,835.06
20200418:1930,695.2
20200418:2030,667.6
20200418:2130,499.1
20200418:2230,456.7
20200418:2330,262.15
20200419:0030,120.1
20200419:0130,15.35
20200419:0230,0.0
20200419:0330,0.0
20200419:0430,0.0
20200419:0530,0.0
20200419:0630,0.0
20200419:0730,0.0
20200419:0830,0.0
20200419:0930,0.0
20200419:1030,0.0
20200419:1130,0.0
20200419:1230,14.0
20200419:1330,185.4
20200419:1430,392.8
20200419:1530,617.55
20200419:1630,796.26
20200419:1730,918.56
20200419:1830,981.71
20200419:1930,948.96
20200419:2030,850.56
20200419:2130,698.8
20200419:2230,496.4
20200419:2330,321.25
20200420:0030,156.15
20200420:0130,15.05
20200420:0230,0.0
20200420:0330,0.0
20200420:0430,0.0
20200420:0530,0.0
20200420:0630,0.0
20200420:0730,0.0
20200420:0830,0.0
20200420:0930,0.0
20200420:1030,0.0
20200420:1130,0.0
20200420:1230,14.25
20200420:1330,185.85
20200420:1430,416.05
20200420:1530,619.95
20200420:1630,794.81
20200420:1730,908.56
20200420:1830,922.41
20200420:1930,885.46
20200420:2030,861.46
20200420:2130,774.51
20200420:2230,602.15
20200420:2330,403.6
20200421:0030,186.9
20200421:0130,11.0
20200421:0230,0.0
20200421:0330,0.0
20200421:0430,0.0
20200421:0530,0.0
20200421:0630,0.0
20200421:0730,0.0
20200421:0830,0.0
20200421:0930,0.0
20200421:1030,0.0
20200421:1130,0.0
20200421:1230,13.65
20200421:1330,192.55
20200421:1430,406.45
20200421:1530,619.35
20200421:1630,781.46
20200421:1730,896.81
20200421:1830,936.96
20200421:1930,930.91
20200421:2030,729.41
20200421:2130,598.4
20200421:2230,481.8
20200421:2330,275.65
20200422:0030,98.5
20200422:0130,14.55
20200422:0230,0.0
20200422:0330,0.0
20200422:0430,0.0
20200422:0530,0.0
20200422:0630,0.0
20200422:0730,0.0
20200422:0830,0.0
20200422:0930,0.0
20200422:1030,0.0
20200422:1130,0.0
20200422:1230,13.5
20200422:1330,210.5
20200422:1430,426.5
20200422:1530,629.6
20200422:1630,768.56
20200422:1730,832.86
20200422:1830,900.76
20200422:1930,859.61
20200422:2030,749.56
20200422:2130,605.15
20200422:2230,544.2
20200422:2330,391.05
20200423:0030,192.95
20200423:0130,12.15
20200423:0230,0.0
20200423:0330,0.0
20200423:0430,0.0
20200423:0530,0.0
20200423:0630,0.0
20200423:0730,0.0
20200423:0830,0.0
20200423:0930,0.0
20200423:1030,0.0
20200423:1130,0.0
20200423:1230,29.92
20200423:1330,210.95
20200423:1430,419.35
20200423:1530,580.65
20200423:1630,753.36
20200423:1730,907.41
20200423:1830,906.86
20200423:1930,851.61
20200423:2030,703.56
20200423:2130,689.95
20200423:2230,487.2
20200423:2330,284.75
20200424:0030,152.75
20200424:0130,17.3
20200424:0230,0.0
20200424:0330,0.0
20200424:0430,0.0
20200424:0530,0.0
20200424:0630,0.0
20200424:0730,0.0
20200424:0830,0.0
20200424:0930,0.0
20200424:1030,0.0
20200424:1130,0.0
20200424:1230,26.73
20200424:1330,150.8
20200424:1430,309.55
20200424:1530,487.05
20200424:1630,734.21
20200424:1730,845.81
20200424:1830,912.71
20200424:1930,914.96
20200424:2030,765.51
20200424:2130,668.1
20200424:2230,496.8
20200424:2330,279.0
20200425:0030,149.6
20200425:0130,9.0
20200425:0230,0.0
20200425:0330,0.0
20200425:0430,0.0
20200425:0530,0.0
20200425:0630,0.0
20200425:0730,0.0
20200425:0830,0.0
20200425:0930,0.0
20200425:1030,0.0
20200425:1130,0.0
20200425:1230,29.13
20200425:1330,197.9
20200425:1430,422.65
20200425:1530,624.1
20200425:1630,761.66
20200425:1730,864.21
20200425:1830,925.86
20200425:1930,775.36
20200425:2030,790.61
20200425:2130,679.85
20200425:2230,537.25
20200425:2330,344.55
20200426:0030,202.25
20200426:0130,15.7
20200426:0230,0.0
20200426:0330,0.0
20200426:0430,0.0
20200426:0530,0.0
20200426:0630,0.0
20200426:0730,0.0
20200426:0830,0.0
20200426:0930,0.0
20200426:1030,0.0
20200426:1130,0.0
20200426:1230,33.7
20200426:1330,212.15
20200426:1430,413.65
20200426:1530,603.4
20200426:1630,708.0
20200426:1730,814.01
20200426:1830,853.11
20200426:1930,764.61
20200426:2030,636.35
20200426:2130,362.1
20200426:2230,273.1
20200426:2330,259.8
20200427:0030,154.55
20200427:0130,17.4
20200427:0230,0.0
20200427:0330,0.0
20200427:0430,0.0
20200427:0530,0.0
20200427:0630,0.0
20200427:0730,0.0
20200427:0830,0.0
20200427:0930,0.0
20200427:1030,0.0
20200427:1130,0.0
20200427:1230,39.5
20200427:1330,229.85
20200427:1430,445.4
20200427:1530,646.85
20200427:1630,813.51
20200427:1730,930.61
20200427:1830,988.51
20200427:1930,935.51
20200427:2030,905.41
20200427:2130,721.45
20200427:2230,601.25
20200427:2330,416.95
20200428:0030,205.9
20200428:0130,16.05
20200428:0230,0.0
20200428:0330,0.0
20200428:0430,0.0
20200428:0530,0.0
20200428:0630,0.0
20200428:0730,0.0
20200428:0830,0.0
20200428:0930,0.0
20200428:1030,0.0
20200428:1130,0.0
20200428:1230,39.86
20200428:1330,218.65
20200428:1430,437.1
20200428:1530,642.9
20200428:1630,811.51
20200428:1730,928.01
20200428:1830,976.71
20200428:1930,951.46
20200428:2030,919.51
20200428:2130,773.86
20200428:2230,609.95
20200428:2330,417.75
20200429:0030,206.0
20200429:0130,31.79
20200429:0230,0.0
20200429:0330,0.0
20200429:0430,0.0
20200429:0530,0.0
20200429:0630,0.0
20200429:0730,0.0
20200429:0830,0.0
20200429:0930,0.0
20200429:1030,0.0
20200429:1130,0.0
20200429:1230,43.55
20200429:1330,235.0
20200429:1430,449.3
20200429:1530,649.2
20200429:1630,814.26
20200429:1730,930.66
20200429:1830,990.26
20200429:1930,986.56
20200429:2030,920.36
20200429:2130,797.36
20200429:2230,625.6
20200429:2330,424.7
20200430:0030,215.1
20200430:0130,34.83
20200430:0230,0.0
20200430:0330,0.0
20200430:0430,0.0
20200430:0530,0.0
20200430:0630,0.0
20200430:0730,0.0
20200430:0830,0.0
20200430:0930,0.0
20200430:1030,0.0
20200430:1130,0.0
20200430:1230,39.27
20200430:1330,210.9
20200430:1430,394.85
20200430:1530,578.9
20200430:1630,739.7
20200430:1730,825.11
20200430:1830,836.11
20200430:1930,710.4
20200430:2030,688.15
20200430:2130,502.9
20200430:2230,439.45
20200430:2330,368.25
20200501:0030,198.5
20200501:0130,33.5
20200501:0230,0.0
20200501:0330,0.0
20200501:0430,0.0
20200501:0530,0.0
20200501:0630,0.0
20200501:0730,0.0
20200501:0830,0.0
20200501:0930,0.0
20200501:1030,0.0
20200501:1130,0.0
20200501:1230,47.09
20200501:1330,237.45
20200501:1430,448.7
20200501:1530,646.6
20200501:1630,809.86
20200501:1730,920.86
20200501:1830,933.86
20200501:1930,838.66
20200501:2030,728.7
20200501:2130,682.0
20200501:2230,556.5
20200501:2330,345.65
20200502:0030,179.5
20200502:0130,35.3
20200502:0230,0.0
20200502:0330,0.0
20200502:0430,0.0
20200502:0530,0.0
20200502:0630,0.0
20200502:0730,0.0
20200502:0830,0.0
20200502:0930,0.0
20200502:1030,0.0
20200502:1130,0.0
20200502:1230,30.3
20200502:1330,121.45
20200502:1430,270.9
20200502:1530,440.3
20200502:1630,556.2
20200502:1730,655.65
20200502:1830,534.05
20200502:1930,757.3
20200502:2030,691.25
20200502:2130,553.85
20200502:2230,332.4
20200502:2330,209.3
20200503:0030,118.75
20200503:0130,30.18
20200503:0230,0.0
20200503:0330,0.0
20200503:0430,0.0
20200503:0530,0.0
20200503:0630,0.0
20200503:0730,0.0
20200503:0830,0.0
20200503:0930,0.0
20200503:1030,0.0
20200503:1130,0.0
20200503:1230,46.51
20200503:1330,229.2
20200503:1430,451.45
20200503:1530,653.75
20200503:1630,815.01
20200503:1730,857.71
20200503:1830,929.86
20200503:1930,898.81
20200503:2030,710.35
20200503:2130,675.95
20200503:2230,510.75
20200503:2330,361.45
20200504:0030,185.6
20200504:0130,38.01
20200504:0230,0.0
20200504:0330,0.0
20200504:0430,0.0
20200504:0530,0.0
20200504:0630,0.0
20200504:0730,0.0
20200504:0830,0.0
20200504:0930,0.0
20200504:1030,0.0
20200504:1130,0.0
20200504:1230,22.3
20200504:1330,117.55
20200504:1430,304.1
20200504:1530,477.65
20200504:1630,561.5
20200504:1730,546.85
20200504:1830,670.45
20200504:1930,582.9
20200504:2030,737.0
20200504:2130,709.05
20200504:2230,573.95
20200504:2330,401.7
20200505:0030,220.75
20200505:0130,42.98
20200505:0230,0.0
20200505:0330,0.0
20200505:0430,0.0
20200505:0530,0.0
20200505:0630,0.0
20200505:0730,0.0
20200505:0830,0.0
20200505:0930,0.0
20200505:1030,0.0
20200505:1130,0.0
20200505:1230,58.06
20200505:1330,258.85
20200505:1430,473.05
20200505:1530,669.95
20200505:1630,824.65
20200505:1730,831.26
20200505:1830,957.41
20200505:1930,917.81
20200505:2030,878.61
20200505:2130,667.25
20200505:2230,599.2
20200505:2330,414.05
20200506:0030,185.1
20200506:0130,40.79
20200506:0230,0.0
20200506:0330,0.0
20200506:0430,0.0
20200506:0530,0.0
20200506:0630,0.0
20200506:0730,0.0
20200506:0830,0.0
20200506:0930,0.0
20200506:1030,0.0
20200506:1130,0.0
20200506:1230,58.7
20200506:1330,256.2
20200506:1430,467.95
20200506:1530,665.85
20200506:1630,829.6
20200506:1730,944.41
20200506:1830,1004.06
20200506:1930,916.96
20200506:2030,814.5
20200506:2130,678.95
20200506:2230,422.2
20200506:2330,345.5
20200507:0030,178.8
20200507:0130,35.84
20200507:0230,0.0
20200507:0330,0.0
20200507:0430,0.0
20200507:0530,0.0
20200507:0630,0.0
20200507:0730,0.0
20200507:0830,0.0
20200507:0930,0.0
20200507:1030,0.0
20200507:1130,0.0
20200507:1230,61.38
20200507:1330,261.9
20200507:1430,476.7
20200507:1530,675.2
20200507:1630,838.15
20200507:1730,881.91
20200507:1830,996.46
20200507:1930,1008.81
20200507:2030,936.91
20200507:2130,826.4
20200507:2230,660.8
20200507:2330,451.4
20200508:0030,238.75
20200508:0130,49.23
20200508:0230,0.0
20200508:0330,0.0
20200508:0430,0.0
20200508:0530,0.0
20200508:0630,0.0
20200508:0730,0.0
20200508:0830,0.0
20200508:0930,0.0
20200508:1030,0.0
20200508:1130,0.0
20200508:1230,43.3
20200508:1330,160.25
20200508:1430,311.45
20200508:1530,560.3
20200508:1630,752.2
20200508:1730,854.36
20200508:1830,878.61
20200508:1930,948.71
20200508:2030,900.21
20200508:2130,774.75
20200508:2230,597.15
20200508:2330,401.2
20200509:0030,211.7
20200509:0130,41.17
20200509:0230,0.0
20200509:0330,0.0
20200509:0430,0.0
20200509:0530,0.0
20200509:0630,0.0
20200509:0730,0.0
20200509:0830,0.0
20200509:0930,0.0
20200509:1030,0.0
20200509:1130,0.0
20200509:1230,74.6
20200509:1330,267.1
20200509:1430,480.15
20200509:1530,597.2
20200509:1630,747.9
20200509:1730,816.85
20200509:1830,878.31
20200509:1930,933.71
20200509:2030,863.86
20200509:2130,751.25
20200509:2230,559.15
20200509:2330,377.25
20200510:0030,222.5
20200510:0130,48.73
20200510:0230,0.0
20200510:0330,0.0
20200510:0430,0.0
20200510:0530,0.0
20200510:0630,0.0
20200510:0730,0.0
20200510:0830,0.0
20200510:0930,0.0
20200510:1030,0.0
20200510:1130,0.0
20200510:1230,77.1
20200510:1330,268.95
20200510:1430,481.35
20200510:1530,678.8
20200510:1630,796.15
20200510:1730,895.81
20200510:1830,896.26
20200510:1930,928.11
20200510:2030,859.06
20200510:2130,725.5
20200510:2230,559.35
20200510:2330,335.85
20200511:0030,200.75
20200511:0130,48.07
20200511:0230,0.0
20200511:0330,0.0
20200511:0430,0.0
20200511:0530,0.0
20200511:0630,0.0
20200511:0730,0.0
20200511:0830,0.0
20200511:0930,0.0
20200511:1030,0.0
20200511:1130,0.0
20200511:1230,62.25
20200511:1330,145.15
20200511:1430,168.5
20200511:1530,247.5
20200511:1630,340.65
20200511:1730,378.8
20200511:1830,413.25
20200511:1930,280.2
20200511:2030,290.95
20200511:2130,277.8
20200511:2230,268.9
20200511:2330,200.15
20200512:0030,148.1
20200512:0130,32.14
20200512:0230,0.0
20200512:0330,0.0
20200512:0430,0.0
20200512:0530,0.0
20200512:0630,0.0
20200512:0730,0.0
20200512:0830,0.0
20200512:0930,0.0
20200512:1030,0.0
20200512:1130,0.0
20200512:1230,65.1
20200512:1330,208.6
20200512:1430,400.9
20200512:1530,615.6
20200512:1630,831.15
20200512:1730,944.01
20200512:1830,970.56
20200512:1930,905.11
20200512:2030,861.36
20200512:2130,726.5
20200512:2230,535.85
20200512:2330,411.8
20200513:0030,196.6
20200513:0130,49.82
20200513:0230,0.0
20200513:0330,0.0
20200513:0430,0.0
20200513:0530,0.0
20200513:0630,0.0
20200513:0730,0.0
20200513:0830,0.0
20200513:0930,0.0
20200513:1030,0.0
20200513:1130,0.0
20200513:1230,81.9
20200513:1330,272.5
20200513:1430,449.75
20200513:1530,659.4
20200513:1630,821.15
20200513:1730,945.81
20200513:1830,932.16
20200513:1930,835.5
20200513:2030,825.25
20200513:2130,723.5
20200513:2230,432.6
20200513:2330,325.7
20200514:0030,197.45
20200514:0130,61.1
20200514:0230,0.0
20200514:0330,0.0
20200514:0430,0.0
20200514:0530,0.0
20200514:0630,0.0
20200514:0730,0.0
20200514:0830,0.0
20200514:0930,0.0
20200514:1030,0.0
20200514:1130,0.0
20200514:1230,63.4
20200514:1330,201.85
20200514:1430,426.2
20200514:1530,648.8
20200514:1630,761.1
20200514:1730,857.3
20200514:1830,909.31
20200514:1930,789.4
20200514:2030,689.3
20200514:2130,644.9
20200514:2230,479.75
20200514:2330,353.3
20200515:0030,196.5
20200515:0130,56.7
20200515:0230,0.0
20200515:0330,0.0
20200515:0430,0.0
20200515:0530,0.0
20200515:0630,0.0
20200515:0730,0.0
20200515:0830,0.0
20200515:0930,0.0
20200515:1030,0.0
20200515:1130,0.0
20200515:1230,66.25
20200515:1330,218.55
20200515:1430,385.6
20200515:1530,553.4
20200515:1630,702.2
20200515:1730,881.96
20200515:1830,836.4
20200515:1930,697.35
20200515:2030,654.0
20200515:2130,431.25
20200515:2230,265.15
20200515:2330,164.95
20200516:0030,170.0
20200516:0130,43.55
20200516:0230,0.0
20200516:0330,0.0
20200516:0430,0.0
20200516:0530,0.0
20200516:0630,0.0
20200516:0730,0.0
20200516:0830,0.0
20200516:0930,0.0
20200516:1030,0.0
20200516:1130,0.0
20200516:1230,81.7
20200516:1330,243.25
20200516:1430,366.6
20200516:1530,545.05
20200516:1630,683.3
20200516:1730,807.9
20200516:1830,803.45
20200516:1930,814.0
20200516:2030,815.0
20200516:2130,693.15
20200516:2230,560.25
20200516:2330,386.55
20200517:0030,244.4
20200517:0130,66.0
20200517:0230,0.0
20200517:0330,0.0
20200517:0430,0.0
20200517:0530,0.0
20200517:0630,0.0
20200517:0730,0.0
20200517:0830,0.0
20200517:0930,0.0
20200517:1030,0.0
20200517:1130,0.0
20200517:1230,87.5
20200517:1330,274.25
20200517:1430,481.55
20200517:1530,673.7
20200517:1630,832.4
20200517:1730,895.16
20200517:1830,959.41
20200517:1930,885.21
20200517:2030,864.25
20200517:2130,696.65
20200517:2230,464.05
20200517:2330,367.1
20200518:0030,228.55
20200518:0130,65.4
20200518:0230,0.0
20200518:0330,0.0
20200518:0430,0.0
20200518:0530,0.0
20200518:0630,0.0
20200518:0730,0.0
20200518:0830,0.0
20200518:0930,0.0
20200518:1030,0.0
20200518:1130,0.0
20200518:1230,80.0
20200518:1330,264.95
20200518:1430,478.7
20200518:1530,670.1
20200518:1630,842.25
20200518:1730,958.36
20200518:1830,1015.31
20200518:1930,995.86
20200518:2030,938.41
20200518:2130,820.15
20200518:2230,648.95
20200518:2330,443.7
20200519:0030,226.55
20200519:0130,71.0
20200519:0230,0.0
20200519:0330,0.0
20200519:0430,0.0
20200519:0530,0.0
20200519:0630,0.0
20200519:0730,0.0
20200519:0830,0.0
20200519:0930,0.0
20200519:1030,0.0
20200519:1130,0.0
20200519:1230,95.35
20200519:1330,287.95
20200519:1430,496.2
20200519:1530,691.6
20200519:1630,849.9
20200519:1730,953.31
20200519:1830,977.81
20200519:1930,835.25
20200519:2030,753.7
20200519:2130,660.3
20200519:2230,543.4
20200519:2330,409.55
20200520:0030,164.9
20200520:0130,58.35
20200520:0230,0.0
20200520:0330,0.0
20200520:0430,0.0
20200520:0530,0.0
20200520:0630,0.0
20200520:0730,0.0
20200520:0830,0.0
20200520:0930,0.0
20200520:1030,0.0
20200520:1130,0.0
20200520:1230,94.45
20200520:1330,286.5
20200520:1430,496.35
20200520:1530,688.05
20200520:1630,831.7
20200520:1730,908.35
20200520:1830,1019.96
20200520:1930,1022.56
20200520:2030,958.31
20200520:2130,782.85
20200520:2230,657.2
20200520:2330,472.25
20200521:0030,269.8
20200521:0130,81.15
20200521:0230,0.0
20200521:0330,0.0
20200521:0430,0.0
20200521:0530,0.0
20200521:0630,0.0
20200521:0730,0.0
20200521:0830,0.0
20200521:0930,0.0
20200521:1030,0.0
20200521:1130,0.0
20200521:1230,99.6
20200521:1330,296.85
20200521:1430,508.9
20200521:1530,704.95
20200521:1630,865.95
20200521:1730,978.86
20200521:1830,1032.91
20200521:1930,979.41
20200521:2030,822.3
20200521:2130,643.9
20200521:2230,503.0
20200521:2330,311.3
20200522:0030,166.65
20200522:0130,68.25
20200522:0230,0.0
20200522:0330,0.0
20200522:0430,0.0
20200522:0530,0.0
20200522:0630,0.0
20200522:0730,0.0
20200522:0830,0.0
20200522:0930,0.0
20200522:1030,0.0
20200522:1130,0.0
20200522:1230,100.65
20200522:1330,295.2
20200522:1430,506.85
20200522:1530,702.15
20200522:1630,863.4
20200522:1730,944.26
20200522:1830,987.26
20200522:1930,952.66
20200522:2030,835.55
20200522:2130,740.1
20200522:2230,611.35
20200522:2330,424.4
20200523:0030,229.7
20200523:0130,73.25
20200523:0230,0.0
20200523:0330,0.0
20200523:0430,0.0
20200523:0530,0.0
20200523:0630,0.0
20200523:0730,0.0
20200523:0830,0.0
20200523:0930,0.0
20200523:1030,0.0
20200523:1130,0.0
20200523:1230,84.85
20200523:1330,258.9
20200523:1430,472.75
20200523:1530,682.45
20200523:1630,802.4
20200523:1730,947.96
20200523:1830,913.25
20200523:1930,870.2
20200523:2030,734.25
20200523:2130,519.8
20200523:2230,326.6
20200523:2330,269.4
20200524:0030,141.15
20200524:0130,38.55
20200524:0230,0.0
20200524:0330,0.0
20200524:0430,0.0
20200524:0530,0.0
20200524:0630,0.0
20200524:0730,0.0
20200524:0830,0.0
20200524:0930,0.0
20200524:1030,0.0
20200524:1130,0.0
20200524:1230,74.0
20200524:1330,229.5
20200524:1430,338.95
20200524:1530,407.95
20200524:1630,604.45
20200524:1730,741.25
20200524:1830,787.75
20200524:1930,336.2
20200524:2030,304.7
20200524:2130,207.65
20200524:2230,45.45
20200524:2330,9.15
20200525:0030,13.35
20200525:0130,7.5
20200525:0230,0.0
20200525:0330,0.0
20200525:0430,0.0
20200525:0530,0.0
20200525:0630,0.0
20200525:0730,0.0
20200525:0830,0.0
20200525:0930,0.0
20200525:1030,0.0
20200525:1130,0.0
20200525:1230,104.05
20200525:1330,299.35
20200525:1430,508.4
20200525:1530,663.85
20200525:1630,763.0
20200525:1730,901.8
20200525:1830,923.06
20200525:1930,960.31
20200525:2030,930.6
20200525:2130,817.3
20200525:2230,636.75
20200525:2330,452.45
20200526:0030,260.55
20200526:0130,85.0
20200526:0230,0.0
20200526:0330,0.0
20200526:0430,0.0
20200526:0530,0.0
20200526:0630,0.0
20200526:0730,0.0
20200526:0830,0.0
20200526:0930,0.0
20200526:1030,0.0
20200526:1130,0.0
20200526:1230,107.4
20200526:1330,303.05
20200526:1430,510.95
20200526:1530,702.05
20200526:1630,858.15
20200526:1730,968.01
20200526:1830,1014.26
20200526:1930,1010.76
20200526:2030,915.1
20200526:2130,804.65
20200526:2230,657.15
20200526:2330,461.35
20200527:0030,254.55
20200527:0130,84.6
20200527:0230,0.0
20200527:0330,0.0
20200527:0430,0.0
20200527:0530,0.0
20200527:0630,0.0
20200527:0730,0.0
20200527:0830,0.0
20200527:0930,0.0
20200527:1030,0.0
20200527:1130,0.0
20200527:1230,87.8
20200527:1330,262.35
20200527:1430,489.3
20200527:1530,674.05
20200527:1630,760.85
20200527:1730,824.6
20200527:1830,854.5
20200527:1930,886.7
20200527:2030,845.8
20200527:2130,755.5
20200527:2230,635.0
20200527:2330,409.4
20200528:0030,149.2
20200528:0130,43.3
20200528:0230,0.0
20200528:0330,0.0
20200528:0430,0.0
20200528:0530,0.0
20200528:0630,0.0
20200528:0730,0.0
20200528:0830,0.0
20200528:0930,0.0
20200528:1030,0.0
20200528:1130,0.0
20200528:1230,102.65
20200528:1330,289.8
20200528:1430,490.9
20200528:1530,677.05
20200528:1630,808.65
20200528:1730,910.5
20200528:1830,807.8
20200528:1930,840.6
20200528:2030,644.2
20200528:2130,564.6
20200528:2230,373.5
20200528:2330,240.85
20200529:0030,154.85
20200529:0130,51.95
20200529:0230,0.0
20200529:0330,0.0
20200529:0430,0.0
20200529:0530,0.0
20200529:0630,0.0
20200529:0730,0.0
20200529:0830,0.0
20200529:0930,0.0
20200529:1030,0.0
20200529:1130,0.0
20200529:1230,104.75
20200529:1330,293.4
20200529:1430,495.4
20200529:1530,682.85
20200529:1630,837.4
20200529:1730,919.0
20200529:1830,967.21
20200529:1930,935.75
20200529:2030,820.35
20200529:2130,642.85
20200529:2230,543.4
20200529:2330,406.9
20200530:0030,252.2
20200530:0130,73.75
20200530:0230,0.0
20200530:0330,0.0
20200530:0430,0.0
20200530:0530,0.0
20200530:0630,0.0
20200530:0730,0.0
20200530:0830,0.0
20200530:0930,0.0
20200530:1030,0.0
20200530:1130,0.0
20200530:1230,105.1
20200530:1330,292.0
20200530:1430,492.65
20200530:1530,677.8
20200530:1630,811.6
20200530:1730,874.05
20200530:1830,558.35
20200530:1930,654.85
20200530:2030,762.65
20200530:2130,636.25
20200530:2230,401.0
20200530:2330,336.9
20200531:0030,171.2
20200531:0130,45.35
20200531:0230,0.0
20200531:0330,0.0
20200531:0430,0.0
20200531:0530,0.0
20200531:0630,0.0
20200531:0730,0.0
20200531:0830,0.0
20200531:0930,0.0
20200531:1030,0.0
20200531:1130,0.0
20200531:1230,69.4
20200531:1330,218.4
20200531:1430,426.65
20200531:1530,609.6
20200531:1630,802.1
20200531:1730,894.25
20200531:1830,950.6
20200531:1930,898.4
20200531:2030,683.65
20200531:2130,648.4
20200531:2230,394.9
20200531:2330,238.7
20200601:0030,134.65
20200601:0130,38.6
20200601:0230,0.0
20200601:0330,0.0
20200601:0430,0.0
20200601:0530,0.0
20200601:0630,0.0
20200601:0730,0.0
20200601:0830,0.0
20200601:0930,0.0
20200601:1030,0.0
20200601:1130,0.0
20200601:1230,93.35
20200601:1330,280.2
20200601:1430,460.7
20200601:1530,676.1
20200601:1630,822.7
20200601:1730,929.25
20200601:1830,961.65
20200601:1930,850.25
20200601:2030,703.25
20200601:2130,490.85
20200601:2230,483.35
20200601:2330,263.85
20200602:0030,133.4
20200602:0130,59.1
20200602:0230,0.0
20200602:0330,0.0
20200602:0430,0.0
20200602:0530,0.0
20200602:0630,0.0
20200602:0730,0.0
20200602:0830,0.0
20200602:0930,0.0
20200602:1030,0.0
20200602:1130,0.0
20200602:1230,94.05
20200602:1330,270.7
20200602:1430,463.05
20200602:1530,640.95
20200602:1630,731.85
20200602:1730,750.6
20200602:1830,808.2
20200602:1930,768.75
20200602:2030,698.85
20200602:2130,624.8
20200602:2230,661.45
20200602:2330,372.5
20200603:0030,211.05
20200603:0130,88.6
20200603:0230,0.0
20200603:0330,0.0
20200603:0430,0.0
20200603:0530,0.0
20200603:0630,0.0
20200603:0730,0.0
20200603:0830,0.0
20200603:0930,0.0
20200603:1030,0.0
20200603:1130,0.0
20200603:1230,93.9
20200603:1330,287.95
20200603:1430,500.05
20200603:1530,687.15
20200603:1630,841.75
20200603:1730,928.05
20200603:1830,969.55
20200603:1930,864.05
20200603:2030,780.85
20200603:2130,698.6
20200603:2230,599.25
20200603:2330,362.85
20200604:0030,190.5
20200604:0130,72.35
20200604:0230,0.0
20200604:0330,0.0
20200604:0430,0.0
20200604:0530,0.0
20200604:0630,0.0
20200604:0730,0.0
20200604:0830,0.0
20200604:0930,0.0
20200604:1030,0.0
20200604:1130,0.0
20200604:1230,108.8
20200604:1330,299.55
20200604:1430,504.4
20200604:1530,692.85
20200604:1630,802.7
20200604:1730,884.55
20200604:1830,912.6
20200604:1930,850.15
20200604:2030,844.8
20200604:2130,717.4
20200604:2230,486.15
20200604:2330,281.05
20200605:0030,191.35
20200605:0130,77.6
20200605:0230,0.0
20200605:0330,0.0
20200605:0430,0.0
20200605:0530,0.0
20200605:0630,0.0
20200605:0730,0.0
20200605:0830,0.0
20200605:0930,0.0
20200605:1030,0.0
20200605:1130,0.0
20200605:1230,112.4
20200605:1330,303.0
20200605:1430,506.25
20200605:1530,694.55
20200605:1630,847.55
20200605:1730,947.15
20200605:1830,965.05
20200605:1930,883.25
20200605:2030,764.85
20200605:2130,636.9
20200605:2230,570.6
20200605:2330,329.1
20200606:0030,189.0
20200606:0130,45.85
20200606:0230,0.0
20200606:0330,0.0
20200606:0430,0.0
20200606:0530,0.0
20200606:0630,0.0
20200606:0730,0.0
20200606:0830,0.0
20200606:0930,0.0
20200606:1030,0.0
20200606:1130,0.0
20200606:1230,72.45
20200606:1330,157.95
20200606:1430,218.85
20200606:1530,272.3
20200606:1630,324.05
20200606:1730,545.35
20200606:1830,548.35
20200606:1930,730.05
20200606:2030,718.8
20200606:2130,478.65
20200606:2230,179.1
20200606:2330,234.6
20200607:0030,168.15
20200607:0130,76.25
20200607:0230,0.0
20200607:0330,0.0
20200607:0430,0.0
20200607:0530,0.0
20200607:0630,0.0
20200607:0730,0.0
20200607:0830,0.0
20200607:0930,0.0
20200607:1030,0.0
20200607:1130,0.0
20200607:1230,113.95
20200607:1330,305.1
20200607:1430,508.75
20200607:1530,697.8
20200607:1630,854.0
20200607:1730,968.95
20200607:1830,1026.66
20200607:1930,935.15
20200607:2030,829.3
20200607:2130,790.5
20200607:2230,578.2
20200607:2330,453.7
20200608:0030,278.8
20200608:0130,107.1
20200608:0230,0.0
20200608:0330,0.0
20200608:0430,0.0
20200608:0530,0.0
20200608:0630,0.0
20200608:0730,0.0
20200608:0830,0.0
20200608:0930,0.0
20200608:1030,0.0
20200608:1130,0.0
20200608:1230,113.5
20200608:1330,303.35
20200608:1430,507.2
20200608:1530,697.4
20200608:1630,856.05
20200608:1730,873.05
20200608:1830,842.7
20200608:1930,825.25
20200608:2030,785.85
20200608:2130,700.15
20200608:2230,606.55
20200608:2330,493.3
20200609:0030,265.55
20200609:0130,99.2
20200609:0230,0.0
20200609:0330,0.0
20200609:0430,0.0
20200609:0530,0.0
20200609:0630,0.0
20200609:0730,0.0
20200609:0830,0.0
20200609:0930,0.0
20200609:1030,0.0
20200609:1130,0.0
20200609:1230,16.25
20200609:1330,60.6
20200609:1430,148.2
20200609:1530,360.7
20200609:1630,564.35
20200609:1730,714.15
20200609:1830,670.8
20200609:1930,749.6
20200609:2030,694.65
20200609:2130,731.1
20200609:2230,644.35
20200609:2330,511.7
20200610:0030,304.7
20200610:0130,113.3
20200610:0230,0.0
20200610:0330,0.0
20200610:0430,0.0
20200610:0530,0.0
20200610:0630,0.0
20200610:0730,0.0
20200610:0830,0.0
20200610:0930,0.0
20200610:1030,0.0
20200610:1130,0.0
20200610:1230,114.45
20200610:1330,305.7
20200610:1430,511.4
20200610:1530,702.05
20200610:1630,858.75
20200610:1730,977.45
20200610:1830,1037.61
20200610:1930,1002.9
20200610:2030,791.45
20200610:2130,725.15
20200610:2230,585.2
20200610:2330,445.15
20200611:0030,275.65
20200611:0130,99.65
20200611:0230,0.0
20200611:0330,0.0
20200611:0430,0.0
20200611:0530,0.0
20200611:0630,0.0
20200611:0730,0.0
20200611:0830,0.0
20200611:0930,0.0
20200611:1030,0.0
20200611:1130,0.0
20200611:1230,114.85
20200611:1330,306.15
20200611:1430,510.15
20200611:1530,699.15
20200611:1630,855.2
20200611:1730,957.45
20200611:1830,949.45
20200611:1930,943.75
20200611:2030,833.35
20200611:2130,744.85
20200611:2230,646.05
20200611:2330,424.25
20200612:0030,289.4
20200612:0130,111.2
20200612:0230,0.0
20200612:0330,0.0
20200612:0430,0.0
20200612:0530,0.0
20200612:0630,0.0
20200612:0730,0.0
20200612:0830,0.0
20200612:0930,0.0
20200612:1030,0.0
20200612:1130,0.0
20200612:1230,113.8
20200612:1330,303.95
20200612:1430,507.5
20200612:1530,696.65
20200612:1630,853.15
20200612:1730,947.2
20200612:1830,1013.51
20200612:1930,948.1
20200612:2030,891.1
20200612:2130,737.95
20200612:2230,562.2
20200612:2330,399.1
20200613:0030,247.2
20200613:0130,100.35
20200613:0230,0.0
20200613:0330,0.0
20200613:0430,0.0
20200613:0530,0.0
20200613:0630,0.0
20200613:0730,0.0
20200613:0830,0.0
20200613:0930,0.0
20200613:1030,0.0
20200613:1130,0.0
20200613:1230,113.0
20200613:1330,301.1
20200613:1430,501.65
20200613:1530,687.75
20200613:1630,842.25
20200613:1730,927.55
20200613:1830,974.05
20200613:1930,834.75
20200613:2030,710.8
20200613:2130,646.8
20200613:2230,434.7
20200613:2330,284.05
20200614:0030,156.25
20200614:0130,58.6
20200614:0230,0.0
20200614:0330,0.0
20200614:0430,0.0
20200614:0530,0.0
20200614:0630,0.0
20200614:0730,0.0
20200614:0830,0.0
20200614:0930,0.0
20200614:1030,0.0
20200614:1130,0.0
20200614:1230,108.25
20200614:1330,286.4
20200614:1430,505.1
20200614:1530,694.15
20200614:1630,848.0
20200614:1730,950.8
20200614:1830,971.9
20200614:1930,995.15
20200614:2030,885.2
20200614:2130,784.35
20200614:2230,578.6
20200614:2330,429.85
20200615:0030,230.55
20200615:0130,105.35
20200615:0230,0.0
20200615:0330,0.0
20200615:0430,0.0
20200615:0530,0.0
20200615:0630,0.0
20200615:0730,0.0
20200615:0830,0.0
20200615:0930,0.0
20200615:1030,0.0
20200615:1130,0.0
20200615:1230,116.15
20200615:1330,301.25
20200615:1430,511.05
20200615:1530,691.6
20200615:1630,860.55
20200615:1730,971.5
20200615:1830,1007.5
20200615:1930,975.95
20200615:2030,895.35
20200615:2130,677.75
20200615:2230,628.1
20200615:2330,442.5
20200616:0030,292.85
20200616:0130,108.15
20200616:0230,0.0
20200616:0330,0.0
20200616:0430,0.0
20200616:0530,0.0
20200616:0630,0.0
20200616:0730,0.0
20200616:0830,0.0
20200616:0930,0.0
20200616:1030,0.0
20200616:1130,0.0
20200616:1230,115.4
20200616:1330,306.4
20200616:1430,509.55
20200616:1530,697.2
20200616:1630,850.7
20200616:1730,861.5
20200616:1830,978.4
20200616:1930,816.3
20200616:2030,885.45
20200616:2130,736.45
20200616:2230,631.8
20200616:2330,449.85
20200617:0030,241.25
20200617:0130,93.95
20200617:0230,0.0
20200617:0330,0.0
20200617:0430,0.0
20200617:0530,0.0
20200617:0630,0.0
20200617:0730,0.0
20200617:0830,0.0
20200617:0930,0.0
20200617:1030,0.0
20200617:1130,0.0
20200617:1230,117.1
20200617:1330,310.75
20200617:1430,511.85
20200617:1530,689.65
20200617:1630,845.9
20200617:1730,970.0
20200617:1830,1036.91
20200617:1930,1032.01
20200617:2030,969.7
20200617:2130,847.3
20200617:2230,611.1
20200617:2330,440.9
20200618:0030,275.55
20200618:0130,103.5
20200618:0230,0.0
20200618:0330,0.0
20200618:0430,0.0
20200618:0530,0.0
20200618:0630,0.0
20200618:0730,0.0
20200618:0830,0.0
20200618:0930,0.0
20200618:1030,0.0
20200618:1130,0.0
20200618:1230,112.5
20200618:1330,295.75
20200618:1430,497.75
20200618:1530,691.7
20200618:1630,845.7
20200618:1730,941.95
20200618:1830,771.5
20200618:1930,626.95
20200618:2030,629.4
20200618:2130,542.95
20200618:2230,343.6
20200618:2330,294.15
20200619:0030,147.7
20200619:0130,63.4
20200619:0230,0.0
20200619:0330,0.0
20200619:0430,0.0
20200619:0530,0.0
20200619:0630,0.0
20200619:0730,0.0
20200619:0830,0.0
20200619:0930,0.0
20200619:1030,0.0
20200619:1130,0.0
20200619:1230,48.35
20200619:1330,154.45
20200619:1430,200.85
20200619:1530,316.9
20200619:1630,426.25
20200619:1730,654.9
20200619:1830,479.15
20200619:1930,493.65
20200619:2030,694.45
20200619:2130,659.25
20200619:2230,444.7
20200619:2330,231.45
20200620:0030,196.1
20200620:0130,75.5
20200620:0230,0.0
20200620:0330,0.0
20200620:0430,0.0
20200620:0530,0.0
20200620:0630,0.0
20200620:0730,0.0
20200620:0830,0.0
20200620:0930,0.0
20200620:1030,0.0
20200620:1130,0.0
20200620:1230,112.9
20200620:1330,304.15
20200620:1430,507.3
20200620:1530,689.5
20200620:1630,847.0
20200620:1730,955.95
20200620:1830,1028.86
20200620:1930,1024.05
20200620:2030,935.0
20200620:2130,800.2
20200620:2230,623.45
20200620:2330,442.6
20200621:0030,263.5
20200621:0130,99.0
20200621:0230,0.0
20200621:0330,0.0
20200621:0430,0.0
20200621:0530,0.0
20200621:0630,0.0
20200621:0730,0.0
20200621:0830,0.0
20200621:0930,0.0
20200621:1030,0.0
20200621:1130,0.0
20200621:1230,102.85
20200621:1330,243.45
20200621:1430,381.8
20200621:1530,512.7
20200621:1630,757.3
20200621:1730,911.95
20200621:1830,958.25
20200621:1930,849.8
20200621:2030,758.85
20200621:2130,702.0
20200621:2230,573.05
20200621:2330,375.05
20200622:0030,177.6
20200622:0130,58.2
20200622:0230,0.0
20200622:0330,0.0
20200622:0430,0.0
20200622:0530,0.0
20200622:0630,0.0
20200622:0730,0.0
20200622:0830,0.0
20200622:0930,0.0
20200622:1030,0.0
20200622:1130,0.0
20200622:1230,105.9
20200622:1330,287.0
20200622:1430,484.9
20200622:1530,659.7
20200622:1630,817.0
20200622:1730,823.3
20200622:1830,843.3
20200622:1930,619.15
20200622:2030,627.45
20200622:2130,569.65
20200622:2230,565.7
20200622:2330,387.85
20200623:0030,226.55
20200623:0130,90.7
20200623:0230,0.0
20200623:0330,0.0
20200623:0430,0.0
20200623:0530,0.0
20200623:0630,0.0
20200623:0730,0.0
20200623:0830,0.0
20200623:0930,0.0
20200623:1030,0.0
20200623:1130,0.0
20200623:1230,103.65
20200623:1330,285.35
20200623:1430,486.75
20200623:1530,672.8
20200623:1630,822.7
20200623:1730,906.05
20200623:1830,918.95
20200623:1930,787.6
20200623:2030,816.7
20200623:2130,536.0
20200623:2230,314.85
20200623:2330,267.0
20200624:0030,228.7
20200624:0130,97.45
20200624:0230,0.0
20200624:0330,0.0
20200624:0430,0.0
20200624:0530,0.0
20200624:0630,0.0
20200624:0730,0.0
20200624:0830,0.0
20200624:0930,0.0
20200624:1030,0.0
20200624:1130,0.0
20200624:1230,107.7
20200624:1330,293.95
20200624:1430,494.35
20200624:1530,681.45
20200624:1630,813.2
20200624:1730,897.45
20200624:1830,1001.55
20200624:1930,977.2
20200624:2030,909.4
20200624:2130,698.6
20200624:2230,501.1
20200624:2330,318.2
20200625:0030,227.1
20200625:0130,88.7
20200625:0230,0.0
20200625:0330,0.0
20200625:0430,0.0
20200625:0530,0.0
20200625:0630,0.0
20200625:0730,0.0
20200625:0830,0.0
20200625:0930,0.0
20200625:1030,0.0
20200625:1130,0.0
20200625:1230,108.1
20200625:1330,295.65
20200625:1430,495.5
20200625:1530,682.3
20200625:1630,822.45
20200625:1730,894.85
20200625:1830,741.05
20200625:1930,604.95
20200625:2030,492.45
20200625:2130,555.45
20200625:2230,471.15
20200625:2330,367.35
20200626:0030,213.85
20200626:0130,83.7
20200626:0230,0.0
20200626:0330,0.0
20200626:0430,0.0
20200626:0530,0.0
20200626:0630,0.0
20200626:0730,0.0
20200626:0830,0.0
20200626:0930,0.0
20200626:1030,0.0
20200626:1130,0.0
20200626:1230,102.3
20200626:1330,286.15
20200626:1430,479.8
20200626:1530,627.2
20200626:1630,732.6
20200626:1730,800.65
20200626:1830,840.8
20200626:1930,693.6
20200626:2030,651.6
20200626:2130,580.25
20200626:2230,329.15
20200626:2330,123.2
20200627:0030,114.25
20200627:0130,64.2
20200627:0230,0.0
20200627:0330,0.0
20200627:0430,0.0
20200627:0530,0.0
20200627:0630,0.0
20200627:0730,0.0
20200627:0830,0.0
20200627:0930,0.0
20200627:1030,0.0
20200627:1130,0.0
20200627:1230,102.75
20200627:1330,268.85
20200627:1430,449.55
20200627:1530,595.7
20200627:1630,737.9
20200627:1730,928.9
20200627:1830,945.45
20200627:1930,956.6
20200627:2030,864.0
20200627:2130,716.0
20200627:2230,571.8
20200627:2330,400.0
20200628:0030,231.55
20200628:0130,81.0
20200628:0230,0.0
20200628:0330,0.0
20200628:0430,0.0
20200628:0530,0.0
20200628:0630,0.0
20200628:0730,0.0
20200628:0830,0.0
20200628:0930,0.0
20200628:1030,0.0
20200628:1130,0.0
20200628:1230,105.05
20200628:1330,293.35
20200628:1430,497.9
20200628:1530,685.95
20200628:1630,820.55
20200628:1730,900.4
20200628:1830,953.0
20200628:1930,885.55
20200628:2030,623.15
20200628:2130,344.25
20200628:2230,279.95
20200628:2330,298.35
20200629:0030,195.3
20200629:0130,64.55
20200629:0230,0.0
20200629:0330,0.0
20200629:0430,0.0
20200629:0530,0.0
20200629:0630,0.0
20200629:0730,0.0
20200629:0830,0.0
20200629:0930,0.0
20200629:1030,0.0
20200629:1130,0.0
20200629:1230,91.2
20200629:1330,241.9
20200629:1430,444.95
20200629:1530,634.45
20200629:1630,783.05
20200629:1730,921.25
20200629:1830,1009.96
20200629:1930,993.2
20200629:2030,850.45
20200629:2130,624.65
20200629:2230,594.45
20200629:2330,416.8
20200630:0030,226.65
20200630:0130,69.4
20200630:0230,0.0
20200630:0330,0.0
20200630:0430,0.0
20200630:0530,0.0
20200630:0630,0.0
20200630:0730,0.0
20200630:0830,0.0
20200630:0930,0.0
20200630:1030,0.0
20200630:1130,0.0
20200630:1230,103.85
20200630:1330,289.95
20200630:1430,484.3
20200630:1530,647.95
20200630:1630,816.15
20200630:1730,944.0
20200630:1830,985.5
20200630:1930,926.4
20200630:2030,939.6
20200630:2130,739.35
20200630:2230,639.8
20200630:2330,449.15
20200701:0030,302.4
20200701:0130,125.7
20200701:0230,0.0
20200701:0330,0.0
20200701:0430,0.0
20200701:0530,0.0
20200701:0630,0.0
20200701:0730,0.0
20200701:0830,0.0
20200701:0930,0.0
20200701:1030,0.0
20200701:1130,0.0
20200701:1230,102.6
20200701:1330,290.25
20200701:1430,493.8
20200701:1530,685.45
20200701:1630,845.45
20200701:1730,961.2
20200701:1830,1028.56
20200701:1930,1033.81
20200701:2030,970.9
20200701:2130,719.25
20200701:2230,634.45
20200701:2330,484.25
20200702:0030,292.9
20200702:0130,120.45
20200702:0230,0.0
20200702:0330,0.0
20200702:0430,0.0
20200702:0530,0.0
20200702:0630,0.0
20200702:0730,0.0
20200702:0830,0.0
20200702:0930,0.0
20200702:1030,0.0
20200702:1130,0.0
20200702:1230,102.75
20200702:1330,291.65
20200702:1430,495.4
20200702:1530,685.85
20200702:1630,830.3
20200702:1730,859.25
20200702:1830,921.4
20200702:1930,941.4
20200702:2030,832.35
20200702:2130,771.7
20200702:2230,656.45
20200702:2330,471.05
20200703:0030,269.7
20200703:0130,118.75
20200703:0230,0.0
20200703:0330,0.0
20200703:0430,0.0
20200703:0530,0.0
20200703:0630,0.0
20200703:0730,0.0
20200703:0830,0.0
20200703:0930,0.0
20200703:1030,0.0
20200703:1130,0.0
20200703:1230,99.25
20200703:1330,284.75
20200703:1430,478.65
20200703:1530,674.55
20200703:1630,826.9
20200703:1730,934.8
20200703:1830,757.2
20200703:1930,861.75
20200703:2030,794.6
20200703:2130,568.6
20200703:2230,466.75
20200703:2330,368.7
20200704:0030,231.85
20200704:0130,80.7
20200704:0230,0.0
20200704:0330,0.0
20200704:0430,0.0
20200704:0530,0.0
20200704:0630,0.0
20200704:0730,0.0
20200704:0830,0.0
20200704:0930,0.0
20200704:1030,0.0
20200704:1130,0.0
20200704:1230,88.95
20200704:1330,274.25
20200704:1430,472.35
20200704:1530,663.25
20200704:1630,813.65
20200704:1730,921.95
20200704:1830,755.9
20200704:1930,584.6
20200704:2030,653.25
20200704:2130,560.25
20200704:2230,528.7
20200704:2330,340.3
20200705:0030,226.0
20200705:0130,86.55
20200705:0230,0.0
20200705:0330,0.0
20200705:0430,0.0
20200705:0530,0.0
20200705:0630,0.0
20200705:0730,0.0
20200705:0830,0.0
20200705:0930,0.0
20200705:1030,0.0
20200705:1130,0.0
20200705:1230,88.4
20200705:1330,274.45
20200705:1430,476.3
20200705:1530,664.45
20200705:1630,812.7
20200705:1730,927.25
20200705:1830,964.95
20200705:1930,946.85
20200705:2030,652.55
20200705:2130,605.1
20200705:2230,515.4
20200705:2330,414.75
20200706:0030,245.5
20200706:0130,102.35
20200706:0230,0.0
20200706:0330,0.0
20200706:0430,0.0
20200706:0530,0.0
20200706:0630,0.0
20200706:0730,0.0
20200706:0830,0.0
20200706:0930,0.0
20200706:1030,0.0
20200706:1130,0.0
20200706:1230,97.1
20200706:1330,284.7
20200706:1430,488.2
20200706:1530,678.2
20200706:1630,825.85
20200706:1730,934.95
20200706:1830,942.3
20200706:1930,929.4
20200706:2030,900.35
20200706:2130,680.1
20200706:2230,610.25
20200706:2330,366.5
20200707:0030,269.9
20200707:0130,102.9
20200707:0230,0.0
20200707:0330,0.0
20200707:0430,0.0
20200707:0530,0.0
20200707:0630,0.0
20200707:0730,0.0
20200707:0830,0.0
20200707:0930,0.0
20200707:1030,0.0
20200707:1130,0.0
20200707:1230,94.75
20200707:1330,280.3
20200707:1430,482.25
20200707:1530,671.55
20200707:1630,818.0
20200707:1730,754.95
20200707:1830,843.35
20200707:1930,815.8
20200707:2030,744.35
20200707:2130,435.25
20200707:2230,480.6
20200707:2330,355.35
20200708:0030,227.05
20200708:0130,84.4
20200708:0230,0.0
20200708:0330,0.0
20200708:0430,0.0
20200708:0530,0.0
20200708:0630,0.0
20200708:0730,0.0
20200708:0830,0.0
20200708:0930,0.0
20200708:1030,0.0
20200708:1130,0.0
20200708:1230,94.75
20200708:1330,286.3
20200708:1430,492.25
20200708:1530,685.0
20200708:1630,846.45
20200708:1730,963.85
20200708:1830,1008.21
20200708:1930,1026.66
20200708:2030,852.3
20200708:2130,742.15
20200708:2230,621.8
20200708:2330,415.65
20200709:0030,178.85
20200709:0130,100.35
20200709:0230,0.0
20200709:0330,0.0
20200709:0430,0.0
20200709:0530,0.0
20200709:0630,0.0
20200709:0730,0.0
20200709:0830,0.0
20200709:0930,0.0
20200709:1030,0.0
20200709:1130,0.0
20200709:1230,93.3
20200709:1330,280.2
20200709:1430,483.1
20200709:1530,673.0
20200709:1630,806.85
20200709:1730,868.5
20200709:1830,899.6
20200709:1930,896.65
20200709:2030,856.8
20200709:2130,709.05
20200709:2230,582.95
20200709:2330,452.95
20200710:0030,298.55
20200710:0130,114.1
20200710:0230,0.0
20200710:0330,0.0
20200710:0430,0.0
20200710:0530,0.0
20200710:0630,0.0
20200710:0730,0.0
20200710:0830,0.0
20200710:0930,0.0
20200710:1030,0.0
20200710:1130,0.0
20200710:1230,88.85
20200710:1330,272.15
20200710:1430,483.95
20200710:1530,683.2
20200710:1630,847.2
20200710:1730,965.8
20200710:1830,1037.86
20200710:1930,1040.26
20200710:2030,983.95
20200710:2130,873.8
20200710:2230,713.65
20200710:2330,500.2
20200711:0030,320.4
20200711:0130,122.15
20200711:0230,0.0
20200711:0330,0.0
20200711:0430,0.0
20200711:0530,0.0
20200711:0630,0.0
20200711:0730,0.0
20200711:0830,0.0
20200711:0930,0.0
20200711:1030,0.0
20200711:1130,0.0
20200711:1230,89.5
20200711:1330,270.55
20200711:1430,472.55
20200711:1530,655.85
20200711:1630,795.6
20200711:1730,929.05
20200711:1830,989.46
20200711:1930,980.16
20200711:2030,931.3
20200711:2130,764.45
20200711:2230,559.95
20200711:2330,398.8
20200712:0030,289.8
20200712:0130,116.55
20200712:0230,0.0
20200712:0330,0.0
20200712:0430,0.0
20200712:0530,0.0
20200712:0630,0.0
20200712:0730,0.0
20200712:0830,0.0
20200712:0930,0.0
20200712:1030,0.0
20200712:1130,0.0
20200712:1230,83.5
20200712:1330,256.15
20200712:1430,457.6
20200712:1530,620.9
20200712:1630,763.15
20200712:1730,831.55
20200712:1830,879.9
20200712:1930,812.2
20200712:2030,679.8
20200712:2130,343.3
20200712:2230,214.25
20200712:2330,353.65
20200713:0030,254.85
20200713:0130,92.45
20200713:0230,0.0
20200713:0330,0.0
20200713:0430,0.0
20200713:0530,0.0
20200713:0630,0.0
20200713:0730,0.0
20200713:0830,0.0
20200713:0930,0.0
20200713:1030,0.0
20200713:1130,0.0
20200713:1230,61.45
20200713:1330,176.75
20200713:1430,258.6
20200713:1530,304.55
20200713:1630,450.1
20200713:1730,871.45
20200713:1830,878.15
20200713:1930,841.75
20200713:2030,612.75
20200713:2130,681.6
20200713:2230,514.1
20200713:2330,433.65
20200714:0030,207.1
20200714:0130,61.15
20200714:0230,0.0
20200714:0330,0.0
20200714:0430,0.0
20200714:0530,0.0
20200714:0630,0.0
20200714:0730,0.0
20200714:0830,0.0
20200714:0930,0.0
20200714:1030,0.0
20200714:1130,0.0
20200714:1230,74.0
20200714:1330,257.5
20200714:1430,443.2
20200714:1530,612.8
20200714:1630,755.7
20200714:1730,840.5
20200714:1830,866.2
20200714:1930,682.05
20200714:2030,542.3
20200714:2130,363.45
20200714:2230,396.65
20200714:2330,277.1
20200715:0030,150.85
20200715:0130,46.3
20200715:0230,0.0
20200715:0330,0.0
20200715:0430,0.0
20200715:0530,0.0
20200715:0630,0.0
20200715:0730,0.0
20200715:0830,0.0
20200715:0930,0.0
20200715:1030,0.0
20200715:1130,0.0
20200715:1230,73.1
20200715:1330,239.85
20200715:1430,431.4
20200715:1530,608.95
20200715:1630,764.95
20200715:1730,744.25
20200715:1830,553.3
20200715:1930,774.05
20200715:2030,707.55
20200715:2130,648.25
20200715:2230,443.3
20200715:2330,303.0
20200716:0030,198.1
20200716:0130,83.2
20200716:0230,0.0
20200716:0330,0.0
20200716:0430,0.0
20200716:0530,0.0
20200716:0630,0.0
20200716:0730,0.0
20200716:0830,0.0
20200716:0930,0.0
20200716:1030,0.0
20200716:1130,0.0
20200716:1230,73.15
20200716:1330,246.75
20200716:1430,446.45
20200716:1530,596.65
20200716:1630,710.25
20200716:1730,768.5
20200716:1830,881.35
20200716:1930,717.3
20200716:2030,595.35
20200716:2130,379.8
20200716:2230,457.5
20200716:2330,246.95
20200717:0030,208.0
20200717:0130,78.35
20200717:0230,0.0
20200717:0330,0.0
20200717:0430,0.0
20200717:0530,0.0
20200717:0630,0.0
20200717:0730,0.0
20200717:0830,0.0
20200717:0930,0.0
20200717:1030,0.0
20200717:1130,0.0
20200717:1230,77.25
20200717:1330,256.15
20200717:1430,458.05
20200717:1530,641.65
20200717:1630,806.8
20200717:1730,900.2
20200717:1830,950.26
20200717:1930,910.5
20200717:2030,808.95
20200717:2130,683.9
20200717:2230,595.0
20200717:2330,407.55
20200718:0030,225.45
20200718:0130,68.7
20200718:0230,0.0
20200718:0330,0.0
20200718:0430,0.0
20200718:0530,0.0
20200718:0630,0.0
20200718:0730,0.0
20200718:0830,0.0
20200718:0930,0.0
20200718:1030,0.0
20200718:1130,0.0
20200718:1230,76.55
20200718:1330,251.45
20200718:1430,443.05
20200718:1530,614.4
20200718:1630,781.9
20200718:1730,813.3
20200718:1830,934.06
20200718:1930,919.41
20200718:2030,819.7
20200718:2130,753.35
20200718:2230,482.15
20200718:2330,362.45
20200719:0030,268.95
20200719:0130,97.15
20200719:0230,0.0
20200719:0330,0.0
20200719:0430,0.0
20200719:0530,0.0
20200719:0630,0.0
20200719:0730,0.0
20200719:0830,0.0
20200719:0930,0.0
20200719:1030,0.0
20200719:1130,0.0
20200719:1230,73.55
20200719:1330,251.95
20200719:1430,449.6
20200719:1530,630.6
20200719:1630,782.95
20200719:1730,875.05
20200719:1830,878.15
20200719:1930,665.65
20200719:2030,561.4
20200719:2130,522.55
20200719:2230,402.5
20200719:2330,255.3
20200720:0030,210.05
20200720:0130,86.0
20200720:0230,0.0
20200720:0330,0.0
20200720:0430,0.0
20200720:0530,0.0
20200720:0630,0.0
20200720:0730,0.0
20200720:0830,0.0
20200720:0930,0.0
20200720:1030,0.0
20200720:1130,0.0
20200720:1230,74.9
20200720:1330,259.35
20200720:1430,464.15
20200720:1530,656.55
20200720:1630,812.55
20200720:1730,888.05
20200720:1830,946.61
20200720:1930,901.51
20200720:2030,824.8
20200720:2130,661.1
20200720:2230,475.8
20200720:2330,361.65
20200721:0030,221.5
20200721:0130,96.95
20200721:0230,0.0
20200721:0330,0.0
20200721:0430,0.0
20200721:0530,0.0
20200721:0630,0.0
20200721:0730,0.0
20200721:0830,0.0
20200721:0930,0.0
20200721:1030,0.0
20200721:1130,0.0
20200721:1230,71.25
20200721:1330,250.35
20200721:1430,449.65
20200721:1530,646.85
20200721:1630,807.95
20200721:1730,911.9
20200721:1830,965.26
20200721:1930,915.86
20200721:2030,798.45
20200721:2130,432.75
20200721:2230,398.15
20200721:2330,220.1
20200722:0030,215.65
20200722:0130,95.75
20200722:0230,0.0
20200722:0330,0.0
20200722:0430,0.0
20200722:0530,0.0
20200722:0630,0.0
20200722:0730,0.0
20200722:0830,0.0
20200722:0930,0.0
20200722:1030,0.0
20200722:1130,0.0
20200722:1230,62.55
20200722:1330,238.9
20200722:1430,435.8
20200722:1530,617.4
20200722:1630,757.0
20200722:1730,820.25
20200722:1830,798.55
20200722:1930,819.4
20200722:2030,720.05
20200722:2130,624.65
20200722:2230,404.7
20200722:2330,225.2
20200723:0030,138.3
20200723:0130,46.0
20200723:0230,0.0
20200723:0330,0.0
20200723:0430,0.0
20200723:0530,0.0
20200723:0630,0.0
20200723:0730,0.0
20200723:0830,0.0
20200723:0930,0.0
20200723:1030,0.0
20200723:1130,0.0
20200723:1230,60.0
20200723:1330,233.65
20200723:1430,415.55
20200723:1530,627.7
20200723:1630,774.05
20200723:1730,864.85
20200723:1830,919.31
20200723:1930,847.95
20200723:2030,742.6
20200723:2130,695.6
20200723:2230,511.8
20200723:2330,345.3
20200724:0030,209.75
20200724:0130,64.9
20200724:0230,0.0
20200724:0330,0.0
20200724:0430,0.0
20200724:0530,0.0
20200724:0630,0.0
20200724:0730,0.0
20200724:0830,0.0
20200724:0930,0.0
20200724:1030,0.0
20200724:1130,0.0
20200724:1230,57.0
20200724:1330,194.5
20200724:1430,353.0
20200724:1530,537.25
20200724:1630,724.8
20200724:1730,888.9
20200724:1830,867.16
20200724:1930,566.15
20200724:2030,431.55
20200724:2130,443.8
20200724:2230,197.65
20200724:2330,207.6
20200725:0030,103.4
20200725:0130,19.45
20200725:0230,0.0
20200725:0330,0.0
20200725:0430,0.0
20200725:0530,0.0
20200725:0630,0.0
20200725:0730,0.0
20200725:0830,0.0
20200725:0930,0.0
20200725:1030,0.0
20200725:1130,0.0
20200725:1230,53.31
20200725:1330,224.6
20200725:1430,426.0
20200725:1530,586.7
20200725:1630,764.1
20200725:1730,756.65
20200725:1830,891.86
20200725:1930,687.0
20200725:2030,486.1
20200725:2130,174.45
20200725:2230,227.3
20200725:2330,108.3
20200726:0030,76.05
20200726:0130,15.7
20200726:0230,0.0
20200726:0330,0.0
20200726:0430,0.0
20200726:0530,0.0
20200726:0630,0.0
20200726:0730,0.0
20200726:0830,0.0
20200726:0930,0.0
20200726:1030,0.0
20200726:1130,0.0
20200726:1230,42.83
20200726:1330,199.55
20200726:1430,391.3
20200726:1530,581.5
20200726:1630,722.95
20200726:1730,800.5
20200726:1830,503.4
20200726:1930,345.95
20200726:2030,242.9
20200726:2130,239.8
20200726:2230,434.7
20200726:2330,300.85
20200727:0030,153.95
20200727:0130,44.95
20200727:0230,0.0
20200727:0330,0.0
20200727:0430,0.0
20200727:0530,0.0
20200727:0630,0.0
20200727:0730,0.0
20200727:0830,0.0
20200727:0930,0.0
20200727:1030,0.0
20200727:1130,0.0
20200727:1230,42.23
20200727:1330,193.5
20200727:1430,406.95
20200727:1530,599.6
20200727:1630,763.1
20200727:1730,884.1
20200727:1830,727.7
20200727:1930,627.2
20200727:2030,634.95
20200727:2130,516.6
20200727:2230,504.1
20200727:2330,355.3
20200728:0030,206.7
20200728:0130,72.25
20200728:0230,0.0
20200728:0330,0.0
20200728:0430,0.0
20200728:0530,0.0
20200728:0630,0.0
20200728:0730,0.0
20200728:0830,0.0
20200728:0930,0.0
20200728:1030,0.0
20200728:1130,0.0
20200728:1230,47.01
20200728:1330,203.0
20200728:1430,361.65
20200728:1530,585.5
20200728:1630,724.15
20200728:1730,765.85
20200728:1830,713.8
20200728:1930,685.35
20200728:2030,379.65
20200728:2130,403.65
20200728:2230,365.65
20200728:2330,308.6
20200729:0030,206.55
20200729:0130,53.9
20200729:0230,0.0
20200729:0330,0.0
20200729:0430,0.0
20200729:0530,0.0
20200729:0630,0.0
20200729:0730,0.0
20200729:0830,0.0
20200729:0930,0.0
20200729:1030,0.0
20200729:1130,0.0
20200729:1230,51.54
20200729:1330,237.95
20200729:1430,443.75
20200729:1530,638.9
20200729:1630,771.8
20200729:1730,885.86
20200729:1830,962.76
20200729:1930,928.51
20200729:2030,855.75
20200729:2130,732.85
20200729:2230,601.65
20200729:2330,443.65
20200730:0030,256.0
20200730:0130,88.55
20200730:0230,0.0
20200730:0330,0.0
20200730:0430,0.0
20200730:0530,0.0
20200730:0630,0.0
20200730:0730,0.0
20200730:0830,0.0
20200730:0930,0.0
20200730:1030,0.0
20200730:1130,0.0
20200730:1230,48.61
20200730:1330,229.95
20200730:1430,433.15
20200730:1530,625.85
20200730:1630,770.45
20200730:1730,836.75
20200730:1830,833.11
20200730:1930,855.86
20200730:2030,736.2
20200730:2130,597.55
20200730:2230,441.9
20200730:2330,390.55
20200731:0030,208.15
20200731:0130,58.8
20200731:0230,0.0
20200731:0330,0.0
20200731:0430,0.0
20200731:0530,0.0
20200731:0630,0.0
20200731:0730,0.0
20200731:0830,0.0
20200731:0930,0.0
20200731:1030,0.0
20200731:1130,0.0
20200731:1230,46.97
20200731:1330,227.75
20200731:1430,430.65
20200731:1530,623.8
20200731:1630,783.45
20200731:1730,907.16
20200731:1830,973.46
20200731:1930,965.06
20200731:2030,856.56
20200731:2130,595.9
20200731:2230,378.65
20200731:2330,350.75
20200801:0030,189.0
20200801:0130,61.35
20200801:0230,0.0
20200801:0330,0.0
20200801:0430,0.0
20200801:0530,0.0
20200801:0630,0.0
20200801:0730,0.0
20200801:0830,0.0
20200801:0930,0.0
20200801:1030,0.0
20200801:1130,0.0
20200801:1230,46.62
20200801:1330,230.45
20200801:1430,435.75
20200801:1530,629.9
20200801:1630,793.95
20200801:1730,900.91
20200801:1830,892.36
20200801:1930,883.51
20200801:2030,659.65
20200801:2130,544.05
20200801:2230,463.05
20200801:2330,334.15
20200802:0030,222.7
20200802:0130,70.65
20200802:0230,0.0
20200802:0330,0.0
20200802:0430,0.0
20200802:0530,0.0
20200802:0630,0.0
20200802:0730,0.0
20200802:0830,0.0
20200802:0930,0.0
20200802:1030,0.0
20200802:1130,0.0
20200802:1230,43.9
20200802:1330,219.35
20200802:1430,405.75
20200802:1530,602.0
20200802:1630,757.25
20200802:1730,745.1
20200802:1830,730.3
20200802:1930,747.4
20200802:2030,823.2
20200802:2130,630.35
20200802:2230,467.35
20200802:2330,340.4
20200803:0030,195.25
20200803:0130,62.95
20200803:0230,0.0
20200803:0330,0.0
20200803:0430,0.0
20200803:0530,0.0
20200803:0630,0.0
20200803:0730,0.0
20200803:0830,0.0
20200803:0930,0.0
20200803:1030,0.0
20200803:1130,0.0
20200803:1230,42.77
20200803:1330,220.9
20200803:1430,423.55
20200803:1530,617.45
20200803:1630,776.05
20200803:1730,879.76
20200803:1830,875.01
20200803:1930,850.46
20200803:2030,681.0
20200803:2130,589.55
20200803:2230,511.65
20200803:2330,346.85
20200804:0030,205.3
20200804:0130,62.25
20200804:0230,0.0
20200804:0330,0.0
20200804:0430,0.0
20200804:0530,0.0
20200804:0630,0.0
20200804:0730,0.0
20200804:0830,0.0
20200804:0930,0.0
20200804:1030,0.0
20200804:1130,0.0
20200804:1230,39.56
20200804:1330,218.6
20200804:1430,423.95
20200804:1530,621.8
20200804:1630,783.75
20200804:1730,846.51
20200804:1830,906.71
20200804:1930,927.81
20200804:2030,819.8
20200804:2130,592.8
20200804:2230,566.9
20200804:2330,397.35
20200805:0030,198.55
20200805:0130,54.6
20200805:0230,0.0
20200805:0330,0.0
20200805:0430,0.0
20200805:0530,0.0
20200805:0630,0.0
20200805:0730,0.0
20200805:0830,0.0
20200805:0930,0.0
20200805:1030,0.0
20200805:1130,0.0
20200805:1230,39.65
20200805:1330,217.7
20200805:1430,422.15
20200805:1530,614.25
20200805:1630,762.0
20200805:1730,835.56
20200805:1830,938.01
20200805:1930,894.81
20200805:2030,816.26
20200805:2130,529.1
20200805:2230,405.45
20200805:2330,348.35
20200806:0030,223.75
20200806:0130,61.5
20200806:0230,0.0
20200806:0330,0.0
20200806:0430,0.0
20200806:0530,0.0
20200806:0630,0.0
20200806:0730,0.0
20200806:0830,0.0
20200806:0930,0.0
20200806:1030,0.0
20200806:1130,0.0
20200806:1230,36.45
20200806:1330,202.55
20200806:1430,417.3
20200806:1530,614.35
20200806:1630,772.05
20200806:1730,712.6
20200806:1830,930.36
20200806:1930,730.55
20200806:2030,641.65
20200806:2130,638.25
20200806:2230,578.6
20200806:2330,368.3
20200807:0030,222.65
20200807:0130,64.25
20200807:0230,0.0
20200807:0330,0.0
20200807:0430,0.0
20200807:0530,0.0
20200807:0630,0.0
20200807:0730,0.0
20200807:0830,0.0
20200807:0930,0.0
20200807:1030,0.0
20200807:1130,0.0
20200807:1230,38.63
20200807:1330,222.65
20200807:1430,433.65
20200807:1530,632.7
20200807:1630,798.95
20200807:1730,891.71
20200807:1830,921.96
20200807:1930,858.01
20200807:2030,818.11
20200807:2130,705.75
20200807:2230,525.5
20200807:2330,421.25
20200808:0030,240.15
20200808:0130,63.25
20200808:0230,0.0
20200808:0330,0.0
20200808:0430,0.0
20200808:0530,0.0
20200808:0630,0.0
20200808:0730,0.0
20200808:0830,0.0
20200808:0930,0.0
20200808:1030,0.0
20200808:1130,0.0
20200808:1230,37.49
20200808:1330,220.95
20200808:1430,431.25
20200808:1530,630.35
20200808:1630,795.8
20200808:1730,905.91
20200808:1830,893.36
20200808:1930,785.96
20200808:2030,754.7
20200808:2130,686.6
20200808:2230,523.45
20200808:2330,387.0
20200809:0030,227.0
20200809:0130,56.89
20200809:0230,0.0
20200809:0330,0.0
20200809:0430,0.0
20200809:0530,0.0
20200809:0630,0.0
20200809:0730,0.0
20200809:0830,0.0
20200809:0930,0.0
20200809:1030,0.0
20200809:1130,0.0
20200809:1230,35.64
20200809:1330,217.55
20200809:1430,428.9
20200809:1530,629.3
20200809:1630,794.4
20200809:1730,913.61
20200809:1830,941.56
20200809:1930,863.41
20200809:2030,798.55
20200809:2130,695.25
20200809:2230,467.2
20200809:2330,284.6
20200810:0030,222.65
20200810:0130,49.9
20200810:0230,0.0
20200810:0330,0.0
20200810:0430,0.0
20200810:0530,0.0
20200810:0630,0.0
20200810:0730,0.0
20200810:0830,0.0
20200810:0930,0.0
20200810:1030,0.0
20200810:1130,0.0
20200810:1230,33.93
20200810:1330,212.9
20200810:1430,421.7
20200810:1530,613.25
20200810:1630,750.9
20200810:1730,861.96
20200810:1830,930.31
20200810:1930,855.51
20200810:2030,809.81
20200810:2130,682.5
20200810:2230,556.3
20200810:2330,337.75
20200811:0030,190.9
20200811:0130,46.29
20200811:0230,0.0
20200811:0330,0.0
20200811:0430,0.0
20200811:0530,0.0
20200811:0630,0.0
20200811:0730,0.0
20200811:0830,0.0
20200811:0930,0.0
20200811:1030,0.0
20200811:1130,0.0
20200811:1230,32.21
20200811:1330,209.2
20200811:1430,420.7
20200811:1530,620.8
20200811:1630,590.8
20200811:1730,730.45
20200811:1830,888.41
20200811:1930,845.91
20200811:2030,702.45
20200811:2130,588.15
20200811:2230,439.7
20200811:2330,313.15
20200812:0030,210.3
20200812:0130,42.65
20200812:0230,0.0
20200812:0330,0.0
20200812:0430,0.0
20200812:0530,0.0
20200812:0630,0.0
20200812:0730,0.0
20200812:0830,0.0
20200812:0930,0.0
20200812:1030,0.0
20200812:1130,0.0
20200812:1230,31.33
20200812:1330,210.5
20200812:1430,422.7
20200812:1530,623.1
20200812:1630,785.01
20200812:1730,859.86
20200812:1830,828.51
20200812:1930,827.16
20200812:2030,736.95
20200812:2130,724.8
20200812:2230,524.9
20200812:2330,401.85
20200813:0030,215.75
20200813:0130,44.33
20200813:0230,0.0
20200813:0330,0.0
20200813:0430,0.0
20200813:0530,0.0
20200813:0630,0.0
20200813:0730,0.0
20200813:0830,0.0
20200813:0930,0.0
20200813:1030,0.0
20200813:1130,0.0
20200813:1230,29.64
20200813:1330,205.05
20200813:1430,413.35
20200813:1530,611.45
20200813:1630,784.16
20200813:1730,888.21
20200813:1830,939.71
20200813:1930,887.81
20200813:2030,829.41
20200813:2130,731.35
20200813:2230,548.45
20200813:2330,339.95
20200814:0030,172.55
20200814:0130,40.93
20200814:0230,0.0
20200814:0330,0.0
20200814:0430,0.0
20200814:0530,0.0
20200814:0630,0.0
20200814:0730,0.0
20200814:0830,0.0
20200814:0930,0.0
20200814:1030,0.0
20200814:1130,0.0
20200814:1230,28.96
20200814:1330,207.3
20200814:1430,420.2
20200814:1530,621.55
20200814:1630,790.61
20200814:1730,912.61
20200814:1830,979.11
20200814:1930,926.11
20200814:2030,837.31
20200814:2130,646.4
20200814:2230,525.35
20200814:2330,363.7
20200815:0030,209.7
20200815:0130,40.7
20200815:0230,0.0
20200815:0330,0.0
20200815:0430,0.0
20200815:0530,0.0
20200815:0630,0.0
20200815:0730,0.0
20200815:0830,0.0
20200815:0930,0.0
20200815:1030,0.0
20200815:1130,0.0
20200815:1230,26.44
20200815:1330,196.3
20200815:1430,407.15
20200815:1530,607.65
20200815:1630,772.36
20200815:1730,875.96
20200815:1830,885.66
20200815:1930,908.06
20200815:2030,782.81
20200815:2130,623.15
20200815:2230,599.25
20200815:2330,368.8
20200816:0030,211.2
20200816:0130,40.55
20200816:0230,0.0
20200816:0330,0.0
20200816:0430,0.0
20200816:0530,0.0
20200816:0630,0.0
20200816:0730,0.0
20200816:0830,0.0
20200816:0930,0.0
20200816:1030,0.0
20200816:1130,0.0
20200816:1230,11.35
20200816:1330,194.9
20200816:1430,402.35
20200816:1530,600.15
20200816:1630,766.91
20200816:1730,845.51
20200816:1830,904.36
20200816:1930,845.46
20200816:2030,784.66
20200816:2130,732.56
20200816:2230,599.9
20200816:2330,396.3
20200817:0030,206.05
20200817:0130,38.11
20200817:0230,0.0
20200817:0330,0.0
20200817:0430,0.0
20200817:0530,0.0
20200817:0630,0.0
20200817:0730,0.0
20200817:0830,0.0
20200817:0930,0.0
20200817:1030,0.0
20200817:1130,0.0
20200817:1230,10.85
20200817:1330,190.65
20200817:1430,398.15
20200817:1530,595.95
20200817:1630,758.06
20200817:1730,870.41
20200817:1830,833.56
20200817:1930,794.51
20200817:2030,731.61
20200817:2130,531.55
20200817:2230,418.5
20200817:2330,286.35
20200818:0030,185.75
20200818:0130,33.32
20200818:0230,0.0
20200818:0330,0.0
20200818:0430,0.0
20200818:0530,0.0
20200818:0630,0.0
20200818:0730,0.0
20200818:0830,0.0
20200818:0930,0.0
20200818:1030,0.0
20200818:1130,0.0
20200818:1230,10.55
20200818:1330,187.95
20200818:1430,396.9
20200818:1530,595.2
20200818:1630,747.16
20200818:1730,866.71
20200818:1830,899.61
20200818:1930,893.91
20200818:2030,795.11
20200818:2130,681.5
20200818:2230,412.65
20200818:2330,274.6
20200819:0030,169.35
20200819:0130,29.46
20200819:0230,0.0
20200819:0330,0.0
20200819:0430,0.0
20200819:0530,0.0
20200819:0630,0.0
20200819:0730,0.0
20200819:0830,0.0
20200819:0930,0.0
20200819:1030,0.0
20200819:1130,0.0
20200819:1230,10.15
20200819:1330,183.3
20200819:1430,390.75
20200819:1530,588.25
20200819:1630,753.96
20200819:1730,848.46
20200819:1830,909.01
20200819:1930,901.46
20200819:2030,846.71
20200819:2130,656.55
20200819:2230,467.9
20200819:2330,261.35
20200820:0030,84.45
20200820:0130,19.6
20200820:0230,0.0
20200820:0330,0.0
20200820:0430,0.0
20200820:0530,0.0
20200820:0630,0.0
20200820:0730,0.0
20200820:0830,0.0
20200820:0930,0.0
20200820:1030,0.0
20200820:1130,0.0
20200820:1230,9.6
20200820:1330,181.85
20200820:1430,388.85
20200820:1530,585.25
20200820:1630,752.16
20200820:1730,733.16
20200820:1830,861.36
20200820:1930,821.01
20200820:2030,800.31
20200820:2130,606.65
20200820:2230,282.95
20200820:2330,141.4
20200821:0030,141.25
20200821:0130,13.25
20200821:0230,0.0
20200821:0330,0.0
20200821:0430,0.0
20200821:0530,0.0
20200821:0630,0.0
20200821:0730,0.0
20200821:0830,0.0
20200821:0930,0.0
20200821:1030,0.0
20200821:1130,0.0
20200821:1230,9.3
20200821:1330,178.8
20200821:1430,386.55
20200821:1530,585.55
20200821:1630,753.06
20200821:1730,869.91
20200821:1830,928.16
20200821:1930,874.41
20200821:2030,819.56
20200821:2130,599.55
20200821:2230,481.45
20200821:2330,375.7
20200822:0030,178.9
20200822:0130,12.2
20200822:0230,0.0
20200822:0330,0.0
20200822:0430,0.0
20200822:0530,0.0
20200822:0630,0.0
20200822:0730,0.0
20200822:0830,0.0
20200822:0930,0.0
20200822:1030,0.0
20200822:1130,0.0
20200822:1230,8.95
20200822:1330,180.45
20200822:1430,389.75
20200822:1530,588.95
20200822:1630,752.66
20200822:1730,866.46
20200822:1830,913.61
20200822:1930,891.31
20200822:2030,810.76
20200822:2130,723.91
20200822:2230,484.5
20200822:2330,354.05
20200823:0030,186.25
20200823:0130,11.0
20200823:0230,0.0
20200823:0330,0.0
20200823:0430,0.0
20200823:0530,0.0
20200823:0630,0.0
20200823:0730,0.0
20200823:0830,0.0
20200823:0930,0.0
20200823:1030,0.0
20200823:1130,0.0
20200823:1230,8.55
20200823:1330,176.2
20200823:1430,384.8
20200823:1530,583.5
20200823:1630,739.81
20200823:1730,777.06
20200823:1830,888.71
20200823:1930,877.81
20200823:2030,791.61
20200823:2130,634.8
20200823:2230,477.45
20200823:2330,254.15
20200824:0030,145.25
20200824:0130,10.8
20200824:0230,0.0
20200824:0330,0.0
20200824:0430,0.0
20200824:0530,0.0
20200824:0630,0.0
20200824:0730,0.0
20200824:0830,0.0
20200824:0930,0.0
20200824:1030,0.0
20200824:1130,0.0
20200824:1230,8.1
20200824:1330,172.05
20200824:1430,379.2
20200824:1530,577.3
20200824:1630,740.66
20200824:1730,842.66
20200824:1830,893.26
20200824:1930,858.56
20200824:2030,741.26
20200824:2130,531.55
20200824:2230,390.8
20200824:2330,231.05
20200825:0030,119.0
20200825:0130,9.95
20200825:0230,0.0
20200825:0330,0.0
20200825:0430,0.0
20200825:0530,0.0
20200825:0630,0.0
20200825:0730,0.0
20200825:0830,0.0
20200825:0930,0.0
20200825:1030,0.0
20200825:1130,0.0
20200825:1230,8.1
20200825:1330,165.45
20200825:1430,371.15
20200825:1530,567.7
20200825:1630,729.61
20200825:1730,829.56
20200825:1830,776.91
20200825:1930,735.31
20200825:2030,647.8
20200825:2130,483.9
20200825:2230,392.6
20200825:2330,324.75
20200826:0030,157.6
20200826:0130,8.85
20200826:0230,0.0
20200826:0330,0.0
20200826:0430,0.0
20200826:0530,0.0
20200826:0630,0.0
20200826:0730,0.0
20200826:0830,0.0
20200826:0930,0.0
20200826:1030,0.0
20200826:1130,0.0
20200826:1230,7.75
20200826:1330,161.1
20200826:1430,367.6
20200826:1530,563.95
20200826:1630,729.01
20200826:1730,827.36
20200826:1830,782.31
20200826:1930,601.6
20200826:2030,583.3
20200826:2130,521.45
20200826:2230,406.95
20200826:2330,184.3
20200827:0030,106.7
20200827:0130,11.15
20200827:0230,0.0
20200827:0330,0.0
20200827:0430,0.0
20200827:0530,0.0
20200827:0630,0.0
20200827:0730,0.0
20200827:0830,0.0
20200827:0930,0.0
20200827:1030,0.0
20200827:1130,0.0
20200827:1230,9.25
20200827:1330,136.95
20200827:1430,341.85
20200827:1530,551.25
20200827:1630,723.96
20200827:1730,832.61
20200827:1830,904.01
20200827:1930,836.36
20200827:2030,773.96
20200827:2130,719.61
20200827:2230,521.25
20200827:2330,287.6
20200828:0030,149.75
20200828:0130,8.45
20200828:0230,0.0
20200828:0330,0.0
20200828:0430,0.0
20200828:0530,0.0
20200828:0630,0.0
20200828:0730,0.0
20200828:0830,0.0
20200828:0930,0.0
20200828:1030,0.0
20200828:1130,0.0
20200828:1230,8.7
20200828:1330,133.4
20200828:1430,329.7
20200828:1530,505.25
20200828:1630,672.86
20200828:1730,780.01
20200828:1830,638.4
20200828:1930,640.6
20200828:2030,485.95
20200828:2130,231.0
20200828:2230,99.25
20200828:2330,54.0
20200829:0030,25.45
20200829:0130,4.6
20200829:0230,0.0
20200829:0330,0.0
20200829:0430,0.0
20200829:0530,0.0
20200829:0630,0.0
20200829:0730,0.0
20200829:0830,0.0
20200829:0930,0.0
20200829:1030,0.0
20200829:1130,0.0
20200829:1230,7.25
20200829:1330,138.95
20200829:1430,298.2
20200829:1530,460.7
20200829:1630,620.85
20200829:1730,700.36
20200829:1830,466.6
20200829:1930,429.65
20200829:2030,428.7
20200829:2130,246.55
20200829:2230,461.2
20200829:2330,337.5
20200830:0030,163.05
20200830:0130,7.15
20200830:0230,0.0
20200830:0330,0.0
20200830:0430,0.0
20200830:0530,0.0
20200830:0630,0.0
20200830:0730,0.0
20200830:0830,0.0
20200830:0930,0.0
20200830:1030,0.0
20200830:1130,0.0
20200830:1230,0.0
20200830:1330,157.8
20200830:1430,366.35
20200830:1530,566.8
20200830:1630,726.86
20200830:1730,818.31
20200830:1830,883.86
20200830:1930,823.96
20200830:2030,717.21
20200830:2130,606.3
20200830:2230,405.2
20200830:2330,274.95
20200831:0030,126.95
20200831:0130,6.35
20200831:0230,0.0
20200831:0330,0.0
20200831:0430,0.0
20200831:0530,0.0
20200831:0630,0.0
20200831:0730,0.0
20200831:0830,0.0
20200831:0930,0.0
20200831:1030,0.0
20200831:1130,0.0
20200831:1230,0.0
20200831:1330,152.15
20200831:1430,359.25
20200831:1530,559.35
20200831:1630,723.21
20200831:1730,836.76
20200831:1830,852.26
20200831:1930,771.96
20200831:2030,758.86
20200831:2130,495.75
20200831:2230,353.3
20200831:2330,295.3
20200901:0030,100.9
20200901:0130,0.0
20200901:0230,0.0
20200901:0330,0.0
20200901:0430,0.0
20200901:0530,0.0
20200901:0630,0.0
20200901:0730,0.0
20200901:0830,0.0
20200901:0930,0.0
20200901:1030,0.0
20200901:1130,0.0
20200901:1230,0.0
20200901:1330,131.0
20200901:1430,333.65
20200901:1530,520.4
20200901:1630,639.31
20200901:1730,715.16
20200901:1830,867.06
20200901:1930,824.56
20200901:2030,767.36
20200901:2130,673.66
20200901:2230,519.1
20200901:2330,340.0
20200902:0030,147.35
20200902:0130,0.0
20200902:0230,0.0
20200902:0330,0.0
20200902:0430,0.0
20200902:0530,0.0
20200902:0630,0.0
20200902:0730,0.0
20200902:0830,0.0
20200902:0930,0.0
20200902:1030,0.0
20200902:1130,0.0
20200902:1230,0.0
20200902:1330,149.15
20200902:1430,358.1
20200902:1530,559.55
20200902:1630,728.66
20200902:1730,850.01
20200902:1830,910.91
20200902:1930,911.66
20200902:2030,846.76
20200902:2130,725.26
20200902:2230,556.05
20200902:2330,354.35
20200903:0030,145.25
20200903:0130,0.0
20200903:0230,0.0
20200903:0330,0.0
20200903:0430,0.0
20200903:0530,0.0
20200903:0630,0.0
20200903:0730,0.0
20200903:0830,0.0
20200903:0930,0.0
20200903:1030,0.0
20200903:1130,0.0
20200903:1230,0.0
20200903:1330,145.85
20200903:1430,353.4
20200903:1530,553.95
20200903:1630,722.16
20200903:1730,842.76
20200903:1830,902.66
20200903:1930,899.56
20200903:2030,828.16
20200903:2130,704.01
20200903:2230,468.65
20200903:2330,292.2
20200904:0030,107.2
20200904:0130,0.0
20200904:0230,0.0
20200904:0330,0.0
20200904:0430,0.0
20200904:0530,0.0
20200904:0630,0.0
20200904:0730,0.0
20200904:0830,0.0
20200904:0930,0.0
20200904:1030,0.0
20200904:1130,0.0
20200904:1230,0.0
20200904:1330,143.15
20200904:1430,350.15
20200904:1530,549.9
20200904:1630,717.01
20200904:1730,836.26
20200904:1830,896.56
20200904:1930,853.66
20200904:2030,752.71
20200904:2130,546.95
20200904:2230,460.35
20200904:2330,275.35
20200905:0030,129.5
20200905:0130,0.0
20200905:0230,0.0
20200905:0330,0.0
20200905:0430,0.0
20200905:0530,0.0
20200905:0630,0.0
20200905:0730,0.0
20200905:0830,0.0
20200905:0930,0.0
20200905:1030,0.0
20200905:1130,0.0
20200905:1230,0.0
20200905:1330,142.45
20200905:1430,351.0
20200905:1530,551.16
20200905:1630,717.56
20200905:1730,823.91
20200905:1830,859.66
20200905:1930,782.71
20200905:2030,753.26
20200905:2130,628.61
20200905:2230,426.9
20200905:2330,272.75
20200906:0030,122.0
20200906:0130,0.0
20200906:0230,0.0
20200906:0330,0.0
20200906:0430,0.0
20200906:0530,0.0
20200906:0630,0.0
20200906:0730,0.0
20200906:0830,0.0
20200906:0930,0.0
20200906:1030,0.0
20200906:1130,0.0
20200906:1230,0.0
20200906:1330,142.05
20200906:1430,353.3
20200906:1530,556.86
20200906:1630,725.91
20200906:1730,843.16
20200906:1830,898.56
20200906:1930,876.56
20200906:2030,764.11
20200906:2130,517.2
20200906:2230,433.25
20200906:2330,316.4
20200907:0030,122.0
20200907:0130,0.0
20200907:0230,0.0
20200907:0330,0.0
20200907:0430,0.0
20200907:0530,0.0
20200907:0630,0.0
20200907:0730,0.0
20200907:0830,0.0
20200907:0930,0.0
20200907:1030,0.0
20200907:1130,0.0
20200907:1230,0.0
20200907:1330,136.75
20200907:1430,345.95
20200907:1530,549.21
20200907:1630,720.96
20200907:1730,843.56
20200907:1830,911.11
20200907:1930,907.41
20200907:2030,839.36
20200907:2130,711.71
20200907:2230,503.15
20200907:2330,312.9
20200908:0030,114.0
20200908:0130,0.0
20200908:0230,0.0
20200908:0330,0.0
20200908:0430,0.0
20200908:0530,0.0
20200908:0630,0.0
20200908:0730,0.0
20200908:0830,0.0
20200908:0930,0.0
20200908:1030,0.0
20200908:1130,0.0
20200908:1230,0.0
20200908:1330,19.0
20200908:1430,77.1
20200908:1530,142.75
20200908:1630,224.4
20200908:1730,322.4
20200908:1830,254.8
20200908:1930,210.65
20200908:2030,271.85
20200908:2130,256.0
20200908:2230,222.0
20200908:2330,110.9
20200909:0030,32.75
20200909:0130,0.0
20200909:0230,0.0
20200909:0330,0.0
20200909:0430,0.0
20200909:0530,0.0
20200909:0630,0.0
20200909:0730,0.0
20200909:0830,0.0
20200909:0930,0.0
20200909:1030,0.0
20200909:1130,0.0
20200909:1230,0.0
20200909:1330,47.75
20200909:1430,150.85
20200909:1530,287.85
20200909:1630,491.0
20200909:1730,621.15
20200909:1830,608.15
20200909:1930,734.96
20200909:2030,681.56
20200909:2130,543.0
20200909:2230,430.8
20200909:2330,247.75
20200910:0030,88.8
20200910:0130,0.0
20200910:0230,0.0
20200910:0330,0.0
20200910:0430,0.0
20200910:0530,0.0
20200910:0630,0.0
20200910:0730,0.0
20200910:0830,0.0
20200910:0930,0.0
20200910:1030,0.0
20200910:1130,0.0
20200910:1230,0.0
20200910:1330,123.7
20200910:1430,313.15
20200910:1530,495.8
20200910:1630,632.31
20200910:1730,806.06
20200910:1830,907.71
20200910:1930,886.01
20200910:2030,773.91
20200910:2130,674.06
20200910:2230,518.61
20200910:2330,313.6
20200911:0030,100.65
20200911:0130,0.0
20200911:0230,0.0
20200911:0330,0.0
20200911:0430,0.0
20200911:0530,0.0
20200911:0630,0.0
20200911:0730,0.0
20200911:0830,0.0
20200911:0930,0.0
20200911:1030,0.0
20200911:1130,0.0
20200911:1230,0.0
20200911:1330,116.5
20200911:1430,336.75
20200911:1530,537.16
20200911:1630,715.76
20200911:1730,835.16
20200911:1830,897.31
20200911:1930,880.96
20200911:2030,807.01
20200911:2130,659.11
20200911:2230,496.01
20200911:2330,271.7
20200912:0030,100.55
20200912:0130,0.0
20200912:0230,0.0
20200912:0330,0.0
20200912:0430,0.0
20200912:0530,0.0
20200912:0630,0.0
20200912:0730,0.0
20200912:0830,0.0
20200912:0930,0.0
20200912:1030,0.0
20200912:1130,0.0
20200912:1230,0.0
20200912:1330,124.55
20200912:1430,334.15
20200912:1530,537.31
20200912:1630,706.31
20200912:1730,825.06
20200912:1830,885.01
20200912:1930,876.21
20200912:2030,796.36
20200912:2130,677.26
20200912:2230,503.21
20200912:2330,294.05
20200913:0030,86.6
20200913:0130,0.0
20200913:0230,0.0
20200913:0330,0.0
20200913:0430,0.0
20200913:0530,0.0
20200913:0630,0.0
20200913:0730,0.0
20200913:0830,0.0
20200913:0930,0.0
20200913:1030,0.0
20200913:1130,0.0
20200913:1230,0.0
20200913:1330,120.2
20200913:1430,327.95
20200913:1530,530.31
20200913:1630,698.91
20200913:1730,817.11
20200913:1830,873.71
20200913:1930,864.01
20200913:2030,785.41
20200913:2130,641.51
20200913:2230,457.65
20200913:2330,267.1
20200914:0030,89.15
20200914:0130,0.0
20200914:0230,0.0
20200914:0330,0.0
20200914:0430,0.0
20200914:0530,0.0
20200914:0630,0.0
20200914:0730,0.0
20200914:0830,0.0
20200914:0930,0.0
20200914:1030,0.0
20200914:1130,0.0
20200914:1230,0.0
20200914:1330,117.65
20200914:1430,324.6
20200914:1530,526.01
20200914:1630,693.46
20200914:1730,810.66
20200914:1830,865.01
20200914:1930,801.26
20200914:2030,687.61
20200914:2130,548.31
20200914:2230,462.7
20200914:2330,270.85
20200915:0030,84.75
20200915:0130,0.0
20200915:0230,0.0
20200915:0330,0.0
20200915:0430,0.0
20200915:0530,0.0
20200915:0630,0.0
20200915:0730,0.0
20200915:0830,0.0
20200915:0930,0.0
20200915:1030,0.0
20200915:1130,0.0
20200915:1230,0.0
20200915:1330,114.25
20200915:1430,319.7
20200915:1530,520.01
20200915:1630,686.81
20200915:1730,791.86
20200915:1830,852.46
20200915:1930,825.71
20200915:2030,769.36
20200915:2130,641.96
20200915:2230,474.91
20200915:2330,271.05
20200916:0030,72.65
20200916:0130,0.0
20200916:0230,0.0
20200916:0330,0.0
20200916:0430,0.0
20200916:0530,0.0
20200916:0630,0.0
20200916:0730,0.0
20200916:0830,0.0
20200916:0930,0.0
20200916:1030,0.0
20200916:1130,0.0
20200916:1230,0.0
20200916:1330,109.65
20200916:1430,311.5
20200916:1530,509.11
20200916:1630,674.01
20200916:1730,790.76
20200916:1830,834.86
20200916:1930,819.91
20200916:2030,767.36
20200916:2130,633.01
20200916:2230,454.01
20200916:2330,263.4
20200917:0030,74.85
20200917:0130,0.0
20200917:0230,0.0
20200917:0330,0.0
20200917:0430,0.0
20200917:0530,0.0
20200917:0630,0.0
20200917:0730,0.0
20200917:0830,0.0
20200917:0930,0.0
20200917:1030,0.0
20200917:1130,0.0
20200917:1230,0.0
20200917:1330,108.15
20200917:1430,312.3
20200917:1530,512.56
20200917:1630,679.51
20200917:1730,786.11
20200917:1830,848.66
20200917:1930,838.51
20200917:2030,749.01
20200917:2130,613.81
20200917:2230,418.2
20200917:2330,261.4
20200918:0030,72.45
20200918:0130,0.0
20200918:0230,0.0
20200918:0330,0.0
20200918:0430,0.0
20200918:0530,0.0
20200918:0630,0.0
20200918:0730,0.0
20200918:0830,0.0
20200918:0930,0.0
20200918:1030,0.0
20200918:1130,0.0
20200918:1230,0.0
20200918:1330,104.75
20200918:1430,307.2
20200918:1530,506.11
20200918:1630,671.61
20200918:1730,786.41
20200918:1830,785.96
20200918:1930,754.76
20200918:2030,636.56
20200918:2130,551.26
20200918:2230,440.41
20200918:2330,254.8
20200919:0030,59.42
20200919:0130,0.0
20200919:0230,0.0
20200919:0330,0.0
20200919:0430,0.0
20200919:0530,0.0
20200919:0630,0.0
20200919:0730,0.0
20200919:0830,0.0
20200919:0930,0.0
20200919:1030,0.0
20200919:1130,0.0
20200919:1230,0.0
20200919:1330,100.1
20200919:1430,303.55
20200919:1530,490.61
20200919:1630,669.26
20200919:1730,716.41
20200919:1830,761.71
20200919:1930,749.61
20200919:2030,680.31
20200919:2130,460.95
20200919:2230,400.45
20200919:2330,199.9
20200920:0030,44.6
20200920:0130,0.0
20200920:0230,0.0
20200920:0330,0.0
20200920:0430,0.0
20200920:0530,0.0
20200920:0630,0.0
20200920:0730,0.0
20200920:0830,0.0
20200920:0930,0.0
20200920:1030,0.0
20200920:1130,0.0
20200920:1230,0.0
20200920:1330,97.95
20200920:1430,282.6
20200920:1530,465.56
20200920:1630,634.36
20200920:1730,727.56
20200920:1830,747.36
20200920:1930,679.66
20200920:2030,582.11
20200920:2130,495.26
20200920:2230,389.35
20200920:2330,185.05
20200921:0030,48.55
20200921:0130,0.0
20200921:0230,0.0
20200921:0330,0.0
20200921:0430,0.0
20200921:0530,0.0
20200921:0630,0.0
20200921:0730,0.0
20200921:0830,0.0
20200921:0930,0.0
20200921:1030,0.0
20200921:1130,0.0
20200921:1230,0.0
20200921:1330,96.45
20200921:1430,297.6
20200921:1530,496.21
20200921:1630,658.31
20200921:1730,761.56
20200921:1830,752.16
20200921:1930,768.71
20200921:2030,670.56
20200921:2130,515.06
20200921:2230,371.6
20200921:2330,160.9
20200922:0030,34.45
20200922:0130,0.0
20200922:0230,0.0
20200922:0330,0.0
20200922:0430,0.0
20200922:0530,0.0
20200922:0630,0.0
20200922:0730,0.0
20200922:0830,0.0
20200922:0930,0.0
20200922:1030,0.0
20200922:1130,0.0
20200922:1230,0.0
20200922:1330,89.95
20200922:1430,281.7
20200922:1530,471.81
20200922:1630,642.36
20200922:1730,725.96
20200922:1830,759.51
20200922:1930,698.86
20200922:2030,579.31
20200922:2130,396.75
20200922:2230,270.55
20200922:2330,136.65
20200923:0030,40.95
20200923:0130,0.0
20200923:0230,0.0
20200923:0330,0.0
20200923:0430,0.0
20200923:0530,0.0
20200923:0630,0.0
20200923:0730,0.0
20200923:0830,0.0
20200923:0930,0.0
20200923:1030,0.0
20200923:1130,0.0
20200923:1230,0.0
20200923:1330,87.75
20200923:1430,283.7
20200923:1530,477.26
20200923:1630,645.41
20200923:1730,758.91
20200923:1830,778.11
20200923:1930,747.06
20200923:2030,660.71
20200923:2130,578.61
20200923:2230,416.31
20200923:2330,236.05
20200924:0030,42.15
20200924:0130,0.0
20200924:0230,0.0
20200924:0330,0.0
20200924:0430,0.0
20200924:0530,0.0
20200924:0630,0.0
20200924:0730,0.0
20200924:0830,0.0
20200924:0930,0.0
20200924:1030,0.0
20200924:1130,0.0
20200924:1230,0.0
20200924:1330,88.15
20200924:1430,286.6
20200924:1530,483.76
20200924:1630,648.01
20200924:1730,761.41
20200924:1830,789.41
20200924:1930,769.31
20200924:2030,695.71
20200924:2130,600.41
20200924:2230,415.31
20200924:2330,215.15
20200925:0030,37.5
20200925:0130,0.0
20200925:0230,0.0
20200925:0330,0.0
20200925:0430,0.0
20200925:0530,0.0
20200925:0630,0.0
20200925:0730,0.0
20200925:0830,0.0
20200925:0930,0.0
20200925:1030,0.0
20200925:1130,0.0
20200925:1230,0.0
20200925:1330,85.95
20200925:1430,274.3
20200925:1530,463.01
20200925:1630,617.76
20200925:1730,724.96
20200925:1830,768.91
20200925:1930,747.31
20200925:2030,691.91
20200925:2130,583.26
20200925:2230,419.51
20200925:2330,217.05
20200926:0030,36.18
20200926:0130,0.0
20200926:0230,0.0
20200926:0330,0.0
20200926:0430,0.0
20200926:0530,0.0
20200926:0630,0.0
20200926:0730,0.0
20200926:0830,0.0
20200926:0930,0.0
20200926:1030,0.0
20200926:1130,0.0
20200926:1230,0.0
20200926:1330,55.5
20200926:1430,195.8
20200926:1530,419.66
20200926:1630,511.66
20200926:1730,644.81
20200926:1830,715.36
20200926:1930,540.41
20200926:2030,536.76
20200926:2130,506.51
20200926:2230,347.7
20200926:2330,199.2
20200927:0030,14.7
20200927:0130,0.0
20200927:0230,0.0
20200927:0330,0.0
20200927:0430,0.0
20200927:0530,0.0
20200927:0630,0.0
20200927:0730,0.0
20200927:0830,0.0
20200927:0930,0.0
20200927:1030,0.0
20200927:1130,0.0
20200927:1230,0.0
20200927:1330,78.5
20200927:1430,233.2
20200927:1530,307.0
20200927:1630,274.1
20200927:1730,226.65
20200927:1830,399.9
20200927:1930,559.36
20200927:2030,491.31
20200927:2130,482.66
20200927:2230,201.75
20200927:2330,105.85
20200928:0030,9.5
20200928:0130,0.0
20200928:0230,0.0
20200928:0330,0.0
20200928:0430,0.0
20200928:0530,0.0
20200928:0630,0.0
20200928:0730,0.0
20200928:0830,0.0
20200928:0930,0.0
20200928:1030,0.0
20200928:1130,0.0
20200928:1230,0.0
20200928:1330,72.25
20200928:1430,259.1
20200928:1530,473.96
20200928:1630,621.91
20200928:1730,744.16
20200928:1830,731.51
20200928:1930,810.01
20200928:2030,737.31
20200928:2130,599.26
20200928:2230,418.71
20200928:2330,212.05
20200929:0030,12.8
20200929:0130,0.0
20200929:0230,0.0
20200929:0330,0.0
20200929:0430,0.0
20200929:0530,0.0
20200929:0630,0.0
20200929:0730,0.0
20200929:0830,0.0
20200929:0930,0.0
20200929:1030,0.0
20200929:1130,0.0
20200929:1230,0.0
20200929:1330,75.2
20200929:1430,270.5
20200929:1530,467.41
20200929:1630,631.26
20200929:1730,745.26
20200929:1830,795.46
20200929:1930,785.41
20200929:2030,711.71
20200929:2130,579.86
20200929:2230,402.81
20200929:2330,201.05
20200930:0030,11.9
20200930:0130,0.0
20200930:0230,0.0
20200930:0330,0.0
20200930:0430,0.0
20200930:0530,0.0
20200930:0630,0.0
20200930:0730,0.0
20200930:0830,0.0
20200930:0930,0.0
20200930:1030,0.0
20200930:1130,0.0
20200930:1230,0.0
20200930:1330,73.95
20200930:1430,270.55
20200930:1530,467.86
20200930:1630,630.61
20200930:1730,743.51
20200930:1830,799.66
20200930:1930,787.16
20200930:2030,709.81
20200930:2130,560.51
20200930:2230,387.56
20200930:2330,195.65
20201001:0030,11.15
20201001:0130,0.0
20201001:0230,0.0
20201001:0330,0.0
20201001:0430,0.0
20201001:0530,0.0
20201001:0630,0.0
20201001:0730,0.0
20201001:0830,0.0
20201001:0930,0.0
20201001:1030,0.0
20201001:1130,0.0
20201001:1230,0.0
20201001:1330,61.62
20201001:1430,262.1
20201001:1530,458.16
20201001:1630,621.61
20201001:1730,735.21
20201001:1830,789.41
20201001:1930,778.36
20201001:2030,701.11
20201001:2130,567.76
20201001:2230,390.06
20201001:2330,186.05
20201002:0030,11.5
20201002:0130,0.0
20201002:0230,0.0
20201002:0330,0.0
20201002:0430,0.0
20201002:0530,0.0
20201002:0630,0.0
20201002:0730,0.0
20201002:0830,0.0
20201002:0930,0.0
20201002:1030,0.0
20201002:1130,0.0
20201002:1230,0.0
20201002:1330,59.05
20201002:1430,262.25
20201002:1530,461.66
20201002:1630,624.81
20201002:1730,734.71
20201002:1830,787.71
20201002:1930,761.96
20201002:2030,661.66
20201002:2130,441.76
20201002:2230,268.4
20201002:2330,135.4
20201003:0030,11.05
20201003:0130,0.0
20201003:0230,0.0
20201003:0330,0.0
20201003:0430,0.0
20201003:0530,0.0
20201003:0630,0.0
20201003:0730,0.0
20201003:0830,0.0
20201003:0930,0.0
20201003:1030,0.0
20201003:1130,0.0
20201003:1230,0.0
20201003:1330,56.39
20201003:1430,252.25
20201003:1530,446.06
20201003:1630,605.26
20201003:1730,718.46
20201003:1830,772.76
20201003:1930,755.16
20201003:2030,659.41
20201003:2130,530.11
20201003:2230,374.46
20201003:2330,174.3
20201004:0030,9.45
20201004:0130,0.0
20201004:0230,0.0
20201004:0330,0.0
20201004:0430,0.0
20201004:0530,0.0
20201004:0630,0.0
20201004:0730,0.0
20201004:0830,0.0
20201004:0930,0.0
20201004:1030,0.0
20201004:1130,0.0
20201004:1230,0.0
20201004:1330,55.48
20201004:1430,254.45
20201004:1530,451.56
20201004:1630,615.01
20201004:1730,727.56
20201004:1830,779.71
20201004:1930,766.16
20201004:2030,688.66
20201004:2130,554.71
20201004:2230,375.91
20201004:2330,174.0
20201005:0030,8.2
20201005:0130,0.0
20201005:0230,0.0
20201005:0330,0.0
20201005:0430,0.0
20201005:0530,0.0
20201005:0630,0.0
20201005:0730,0.0
20201005:0830,0.0
20201005:0930,0.0
20201005:1030,0.0
20201005:1130,0.0
20201005:1230,0.0
20201005:1330,54.35
20201005:1430,255.15
20201005:1530,454.01
20201005:1630,618.51
20201005:1730,731.01
20201005:1830,780.11
20201005:1930,765.36
20201005:2030,686.56
20201005:2130,549.61
20201005:2230,369.31
20201005:2330,168.4
20201006:0030,7.55
20201006:0130,0.0
20201006:0230,0.0
20201006:0330,0.0
20201006:0430,0.0
20201006:0530,0.0
20201006:0630,0.0
20201006:0730,0.0
20201006:0830,0.0
20201006:0930,0.0
20201006:1030,0.0
20201006:1130,0.0
20201006:1230,0.0
20201006:1330,51.96
20201006:1430,250.7
20201006:1530,448.81
20201006:1630,612.76
20201006:1730,725.21
20201006:1830,777.41
20201006:1930,763.66
20201006:2030,685.36
20201006:2130,549.21
20201006:2230,368.51
20201006:2330,165.5
20201007:0030,0.0
20201007:0130,0.0
20201007:0230,0.0
20201007:0330,0.0
20201007:0430,0.0
20201007:0530,0.0
20201007:0630,0.0
20201007:0730,0.0
20201007:0830,0.0
20201007:0930,0.0
20201007:1030,0.0
20201007:1130,0.0
20201007:1230,0.0
20201007:1330,49.84
20201007:1430,246.8
20201007:1530,444.11
20201007:1630,607.36
20201007:1730,719.51
20201007:1830,768.36
20201007:1930,753.86
20201007:2030,675.41
20201007:2130,539.36
20201007:2230,359.36
20201007:2330,158.35
20201008:0030,0.0
20201008:0130,0.0
20201008:0230,0.0
20201008:0330,0.0
20201008:0430,0.0
20201008:0530,0.0
20201008:0630,0.0
20201008:0730,0.0
20201008:0830,0.0
20201008:0930,0.0
20201008:1030,0.0
20201008:1130,0.0
20201008:1230,0.0
20201008:1330,46.11
20201008:1430,237.75
20201008:1530,433.01
20201008:1630,595.16
20201008:1730,706.96
20201008:1830,759.31
20201008:1930,746.56
20201008:2030,608.26
20201008:2130,524.06
20201008:2230,352.81
20201008:2330,152.7
20201009:0030,0.0
20201009:0130,0.0
20201009:0230,0.0
20201009:0330,0.0
20201009:0430,0.0
20201009:0530,0.0
20201009:0630,0.0
20201009:0730,0.0
20201009:0830,0.0
20201009:0930,0.0
20201009:1030,0.0
20201009:1130,0.0
20201009:1230,0.0
20201009:1330,43.13
20201009:1430,230.2
20201009:1530,412.61
20201009:1630,582.61
20201009:1730,686.51
20201009:1830,727.41
20201009:1930,699.81
20201009:2030,593.56
20201009:2130,396.11
20201009:2230,261.95
20201009:2330,114.85
20201010:0030,0.0
20201010:0130,0.0
20201010:0230,0.0
20201010:0330,0.0
20201010:0430,0.0
20201010:0530,0.0
20201010:0630,0.0
20201010:0730,0.0
20201010:0830,0.0
20201010:0930,0.0
20201010:1030,0.0
20201010:1130,0.0
20201010:1230,0.0
20201010:1330,39.4
20201010:1430,218.35
20201010:1530,396.01
20201010:1630,569.06
20201010:1730,686.56
20201010:1830,727.51
20201010:1930,639.31
20201010:2030,623.16
20201010:2130,461.41
20201010:2230,295.86
20201010:2330,119.55
20201011:0030,0.0
20201011:0130,0.0
20201011:0230,0.0
20201011:0330,0.0
20201011:0430,0.0
20201011:0530,0.0
20201011:0630,0.0
20201011:0730,0.0
20201011:0830,0.0
20201011:0930,0.0
20201011:1030,0.0
20201011:1130,0.0
20201011:1230,0.0
20201011:1330,39.89
20201011:1430,225.46
20201011:1530,417.41
20201011:1630,582.41
20201011:1730,676.41
20201011:1830,699.36
20201011:1930,497.91
20201011:2030,421.21
20201011:2130,376.46
20201011:2230,310.36
20201011:2330,132.9
20201012:0030,0.0
20201012:0130,0.0
20201012:0230,0.0
20201012:0330,0.0
20201012:0430,0.0
20201012:0530,0.0
20201012:0630,0.0
20201012:0730,0.0
20201012:0830,0.0
20201012:0930,0.0
20201012:1030,0.0
20201012:1130,0.0
20201012:1230,0.0
20201012:1330,38.97
20201012:1430,226.36
20201012:1530,421.86
20201012:1630,583.81
20201012:1730,693.61
20201012:1830,741.86
20201012:1930,726.06
20201012:2030,646.81
20201012:2130,510.66
20201012:2230,332.46
20201012:2330,134.0
20201013:0030,0.0
20201013:0130,0.0
20201013:0230,0.0
20201013:0330,0.0
20201013:0430,0.0
20201013:0530,0.0
20201013:0630,0.0
20201013:0730,0.0
20201013:0830,0.0
20201013:0930,0.0
20201013:1030,0.0
20201013:1130,0.0
20201013:1230,0.0
20201013:1330,36.19
20201013:1430,215.25
20201013:1530,402.66
20201013:1630,564.91
20201013:1730,662.96
20201013:1830,725.86
20201013:1930,710.36
20201013:2030,631.56
20201013:2130,496.61
20201013:2230,319.41
20201013:2330,125.05
20201014:0030,0.0
20201014:0130,0.0
20201014:0230,0.0
20201014:0330,0.0
20201014:0430,0.0
20201014:0530,0.0
20201014:0630,0.0
20201014:0730,0.0
20201014:0830,0.0
20201014:0930,0.0
20201014:1030,0.0
20201014:1130,0.0
20201014:1230,0.0
20201014:1330,31.91
20201014:1430,199.25
20201014:1530,397.96
20201014:1630,558.76
20201014:1730,669.96
20201014:1830,721.41
20201014:1930,703.81
20201014:2030,544.41
20201014:2130,462.71
20201014:2230,284.41
20201014:2330,94.5
20201015:0030,0.0
20201015:0130,0.0
20201015:0230,0.0
20201015:0330,0.0
20201015:0430,0.0
20201015:0530,0.0
20201015:0630,0.0
20201015:0730,0.0
20201015:0830,0.0
20201015:0930,0.0
20201015:1030,0.0
20201015:1130,0.0
20201015:1230,0.0
20201015:1330,24.87
20201015:1430,174.2
20201015:1530,306.21
20201015:1630,499.41
20201015:1730,549.71
20201015:1830,378.05
20201015:1930,558.86
20201015:2030,517.81
20201015:2130,339.05
20201015:2230,261.66
20201015:2330,106.95
20201016:0030,0.0
20201016:0130,0.0
20201016:0230,0.0
20201016:0330,0.0
20201016:0430,0.0
20201016:0530,0.0
20201016:0630,0.0
20201016:0730,0.0
20201016:0830,0.0
20201016:0930,0.0
20201016:1030,0.0
20201016:1130,0.0
20201016:1230,0.0
20201016:1330,29.8
20201016:1430,188.35
20201016:1530,378.81
20201016:1630,537.81
20201016:1730,634.81
20201016:1830,646.51
20201016:1930,657.61
20201016:2030,584.41
20201016:2130,425.56
20201016:2230,295.21
20201016:2330,110.0
20201017:0030,0.0
20201017:0130,0.0
20201017:0230,0.0
20201017:0330,0.0
20201017:0430,0.0
20201017:0530,0.0
20201017:0630,0.0
20201017:0730,0.0
20201017:0830,0.0
20201017:0930,0.0
20201017:1030,0.0
20201017:1130,0.0
20201017:1230,0.0
20201017:1330,28.27
20201017:1430,198.81
20201017:1530,382.46
20201017:1630,522.21
20201017:1730,609.41
20201017:1830,693.01
20201017:1930,644.31
20201017:2030,546.01
20201017:2130,420.56
20201017:2230,250.05
20201017:2330,98.35
20201018:0030,0.0
20201018:0130,0.0
20201018:0230,0.0
20201018:0330,0.0
20201018:0430,0.0
20201018:0530,0.0
20201018:0630,0.0
20201018:0730,0.0
20201018:0830,0.0
20201018:0930,0.0
20201018:1030,0.0
20201018:1130,0.0
20201018:1230,0.0
20201018:1330,21.04
20201018:1430,113.9
20201018:1530,251.0
20201018:1630,330.51
20201018:1730,506.21
20201018:1830,675.81
20201018:1930,672.61
20201018:2030,571.76
20201018:2130,377.71
20201018:2230,230.8
20201018:2330,73.85
20201019:0030,0.0
20201019:0130,0.0
20201019:0230,0.0
20201019:0330,0.0
20201019:0430,0.0
20201019:0530,0.0
20201019:0630,0.0
20201019:0730,0.0
20201019:0830,0.0
20201019:0930,0.0
20201019:1030,0.0
20201019:1130,0.0
20201019:1230,0.0
20201019:1330,12.05
20201019:1430,177.15
20201019:1530,360.36
20201019:1630,526.96
20201019:1730,641.81
20201019:1830,670.51
20201019:1930,630.36
20201019:2030,551.26
20201019:2130,406.41
20201019:2230,223.7
20201019:2330,83.7
20201020:0030,0.0
20201020:0130,0.0
20201020:0230,0.0
20201020:0330,0.0
20201020:0430,0.0
20201020:0530,0.0
20201020:0630,0.0
20201020:0730,0.0
20201020:0830,0.0
20201020:0930,0.0
20201020:1030,0.0
20201020:1130,0.0
20201020:1230,0.0
20201020:1330,12.7
20201020:1430,186.21
20201020:1530,292.66
20201020:1630,501.26
20201020:1730,611.36
20201020:1830,656.41
20201020:1930,619.26
20201020:2030,520.91
20201020:2130,400.31
20201020:2230,253.31
20201020:2330,90.8
20201021:0030,0.0
20201021:0130,0.0
20201021:0230,0.0
20201021:0330,0.0
20201021:0430,0.0
20201021:0530,0.0
20201021:0630,0.0
20201021:0730,0.0
20201021:0830,0.0
20201021:0930,0.0
20201021:1030,0.0
20201021:1130,0.0
20201021:1230,0.0
20201021:1330,14.3
20201021:1430,171.55
20201021:1530,345.86
20201021:1630,397.21
20201021:1730,600.41
20201021:1830,630.76
20201021:1930,611.61
20201021:2030,549.21
20201021:2130,414.96
20201021:2230,266.66
20201021:2330,84.15
20201022:0030,0.0
20201022:0130,0.0
20201022:0230,0.0
20201022:0330,0.0
20201022:0430,0.0
20201022:0530,0.0
20201022:0630,0.0
20201022:0730,0.0
20201022:0830,0.0
20201022:0930,0.0
20201022:1030,0.0
20201022:1130,0.0
20201022:1230,0.0
20201022:1330,13.5
20201022:1430,131.05
20201022:1530,234.1
20201022:1630,351.31
20201022:1730,445.11
20201022:1830,524.66
20201022:1930,435.96
20201022:2030,473.91
20201022:2130,377.46
20201022:2230,210.25
20201022:2330,66.9
20201023:0030,0.0
20201023:0130,0.0
20201023:0230,0.0
20201023:0330,0.0
20201023:0430,0.0
20201023:0530,0.0
20201023:0630,0.0
20201023:0730,0.0
20201023:0830,0.0
20201023:0930,0.0
20201023:1030,0.0
20201023:1130,0.0
20201023:1230,0.0
20201023:1330,10.5
20201023:1430,126.15
20201023:1530,236.6
20201023:1630,413.11
20201023:1730,544.16
20201023:1830,662.41
20201023:1930,610.61
20201023:2030,539.61
20201023:2130,409.36
20201023:2230,245.81
20201023:2330,76.25
20201024:0030,0.0
20201024:0130,0.0
20201024:0230,0.0
20201024:0330,0.0
20201024:0430,0.0
20201024:0530,0.0
20201024:0630,0.0
20201024:0730,0.0
20201024:0830,0.0
20201024:0930,0.0
20201024:1030,0.0
20201024:1130,0.0
20201024:1230,0.0
20201024:1330,11.0
20201024:1430,155.0
20201024:1530,350.16
20201024:1630,502.11
20201024:1730,621.76
20201024:1830,665.86
20201024:1930,648.71
20201024:2030,567.41
20201024:2130,432.31
20201024:2230,260.86
20201024:2330,75.8
20201025:0030,0.0
20201025:0130,0.0
20201025:0230,0.0
20201025:0330,0.0
20201025:0430,0.0
20201025:0530,0.0
20201025:0630,0.0
20201025:0730,0.0
20201025:0830,0.0
20201025:0930,0.0
20201025:1030,0.0
20201025:1130,0.0
20201025:1230,0.0
20201025:1330,6.8
20201025:1430,60.55
20201025:1530,161.2
20201025:1630,195.85
20201025:1730,270.35
20201025:1830,394.45
20201025:1930,290.35
20201025:2030,195.55
20201025:2130,168.7
20201025:2230,85.05
20201025:2330,29.75
20201026:0030,0.0
20201026:0130,0.0
20201026:0230,0.0
20201026:0330,0.0
20201026:0430,0.0
20201026:0530,0.0
20201026:0630,0.0
20201026:0730,0.0
20201026:0830,0.0
20201026:0930,0.0
20201026:1030,0.0
20201026:1130,0.0
20201026:1230,0.0
20201026:1330,9.35
20201026:1430,97.1
20201026:1530,205.15
20201026:1630,321.8
20201026:1730,435.05
20201026:1830,535.25
20201026:1930,583.21
20201026:2030,540.46
20201026:2130,362.56
20201026:2230,247.01
20201026:2330,72.9
20201027:0030,0.0
20201027:0130,0.0
20201027:0230,0.0
20201027:0330,0.0
20201027:0430,0.0
20201027:0530,0.0
20201027:0630,0.0
20201027:0730,0.0
20201027:0830,0.0
20201027:0930,0.0
20201027:1030,0.0
20201027:1130,0.0
20201027:1230,0.0
20201027:1330,8.65
20201027:1430,178.66
20201027:1530,377.21
20201027:1630,544.71
20201027:1730,659.01
20201027:1830,709.22
20201027:1930,689.37
20201027:2030,603.36
20201027:2130,457.96
20201027:2230,269.31
20201027:2330,64.72
20201028:0030,0.0
20201028:0130,0.0
20201028:0230,0.0
20201028:0330,0.0
20201028:0430,0.0
20201028:0530,0.0
20201028:0630,0.0
20201028:0730,0.0
20201028:0830,0.0
20201028:0930,0.0
20201028:1030,0.0
20201028:1130,0.0
20201028:1230,0.0
20201028:1330,7.55
20201028:1430,158.46
20201028:1530,345.61
20201028:1630,505.31
20201028:1730,612.16
20201028:1830,654.16
20201028:1930,630.41
20201028:2030,546.36
20201028:2130,411.01
20201028:2230,239.36
20201028:2330,55.4
20201029:0030,0.0
20201029:0130,0.0
20201029:0230,0.0
20201029:0330,0.0
20201029:0430,0.0
20201029:0530,0.0
20201029:0630,0.0
20201029:0730,0.0
20201029:0830,0.0
20201029:0930,0.0
20201029:1030,0.0
20201029:1130,0.0
20201029:1230,0.0
20201029:1330,7.05
20201029:1430,153.91
20201029:1530,339.11
20201029:1630,496.06
20201029:1730,604.06
20201029:1830,650.01
20201029:1930,632.56
20201029:2030,550.81
20201029:2130,413.86
20201029:2230,238.01
20201029:2330,53.71
20201030:0030,0.0
20201030:0130,0.0
20201030:0230,0.0
20201030:0330,0.0
20201030:0430,0.0
20201030:0530,0.0
20201030:0630,0.0
20201030:0730,0.0
20201030:0830,0.0
20201030:0930,0.0
20201030:1030,0.0
20201030:1130,0.0
20201030:1230,0.0
20201030:1330,0.0
20201030:1430,151.46
20201030:1530,335.11
20201030:1630,491.06
20201030:1730,597.91
20201030:1830,645.56
20201030:1930,628.26
20201030:2030,547.71
20201030:2130,411.31
20201030:2230,235.41
20201030:2330,51.64
20201031:0030,0.0
20201031:0130,0.0
20201031:0230,0.0
20201031:0330,0.0
20201031:0430,0.0
20201031:0530,0.0
20201031:0630,0.0
20201031:0730,0.0
20201031:0830,0.0
20201031:0930,0.0
20201031:1030,0.0
20201031:1130,0.0
20201031:1230,0.0
20201031:1330,0.0
20201031:1430,149.31
20201031:1530,332.96
20201031:1630,487.76
20201031:1730,594.71
20201031:1830,640.66
20201031:1930,618.96
20201031:2030,536.11
20201031:2130,399.71
20201031:2230,227.36
20201031:2330,48.27
20201101:0030,0.0
20201101:0130,0.0
20201101:0230,0.0
20201101:0330,0.0
20201101:0430,0.0
20201101:0530,0.0
20201101:0630,0.0
20201101:0730,0.0
20201101:0830,0.0
20201101:0930,0.0
20201101:1030,0.0
20201101:1130,0.0
20201101:1230,0.0
20201101:1330,0.0
20201101:1430,145.41
20201101:1530,331.71
20201101:1630,487.66
20201101:1730,593.96
20201101:1830,637.96
20201101:1930,618.36
20201101:2030,536.21
20201101:2130,399.91
20201101:2230,225.41
20201101:2330,46.35
20201102:0030,0.0
20201102:0130,0.0
20201102:0230,0.0
20201102:0330,0.0
20201102:0430,0.0
20201102:0530,0.0
20201102:0630,0.0
20201102:0730,0.0
20201102:0830,0.0
20201102:0930,0.0
20201102:1030,0.0
20201102:1130,0.0
20201102:1230,0.0
20201102:1330,0.0
20201102:1430,142.41
20201102:1530,325.76
20201102:1630,481.21
20201102:1730,587.21
20201102:1830,629.56
20201102:1930,612.01
20201102:2030,531.81
20201102:2130,396.81
20201102:2230,222.56
20201102:2330,44.3
20201103:0030,0.0
20201103:0130,0.0
20201103:0230,0.0
20201103:0330,0.0
20201103:0430,0.0
20201103:0530,0.0
20201103:0630,0.0
20201103:0730,0.0
20201103:0830,0.0
20201103:0930,0.0
20201103:1030,0.0
20201103:1130,0.0
20201103:1230,0.0
20201103:1330,0.0
20201103:1430,134.41
20201103:1530,313.96
20201103:1630,462.31
20201103:1730,560.61
20201103:1830,578.96
20201103:1930,568.01
20201103:2030,486.26
20201103:2130,360.31
20201103:2230,201.21
20201103:2330,20.5
20201104:0030,0.0
20201104:0130,0.0
20201104:0230,0.0
20201104:0330,0.0
20201104:0430,0.0
20201104:0530,0.0
20201104:0630,0.0
20201104:0730,0.0
20201104:0830,0.0
20201104:0930,0.0
20201104:1030,0.0
20201104:1130,0.0
20201104:1230,0.0
20201104:1330,0.0
20201104:1430,128.31
20201104:1530,302.11
20201104:1630,451.81
20201104:1730,557.26
20201104:1830,585.01
20201104:1930,563.36
20201104:2030,480.86
20201104:2130,373.61
20201104:2230,186.11
20201104:2330,16.35
20201105:0030,0.0
20201105:0130,0.0
20201105:0230,0.0
20201105:0330,0.0
20201105:0430,0.0
20201105:0530,0.0
20201105:0630,0.0
20201105:0730,0.0
20201105:0830,0.0
20201105:0930,0.0
20201105:1030,0.0
20201105:1130,0.0
20201105:1230,0.0
20201105:1330,0.0
20201105:1430,128.21
20201105:1530,306.71
20201105:1630,459.81
20201105:1730,564.91
20201105:1830,609.41
20201105:1930,592.31
20201105:2030,513.61
20201105:2130,380.66
20201105:2230,209.21
20201105:2330,16.1
20201106:0030,0.0
20201106:0130,0.0
20201106:0230,0.0
20201106:0330,0.0
20201106:0430,0.0
20201106:0530,0.0
20201106:0630,0.0
20201106:0730,0.0
20201106:0830,0.0
20201106:0930,0.0
20201106:1030,0.0
20201106:1130,0.0
20201106:1230,0.0
20201106:1330,0.0
20201106:1430,125.46
20201106:1530,296.01
20201106:1630,444.41
20201106:1730,519.91
20201106:1830,567.96
20201106:1930,522.71
20201106:2030,427.76
20201106:2130,304.56
20201106:2230,156.95
20201106:2330,24.2
20201107:0030,0.0
20201107:0130,0.0
20201107:0230,0.0
20201107:0330,0.0
20201107:0430,0.0
20201107:0530,0.0
20201107:0630,0.0
20201107:0730,0.0
20201107:0830,0.0
20201107:0930,0.0
20201107:1030,0.0
20201107:1130,0.0
20201107:1230,0.0
20201107:1330,0.0
20201107:1430,110.6
20201107:1530,242.56
20201107:1630,335.51
20201107:1730,365.36
20201107:1830,475.96
20201107:1930,406.71
20201107:2030,303.01
20201107:2130,188.35
20201107:2230,117.8
20201107:2330,11.4
20201108:0030,0.0
20201108:0130,0.0
20201108:0230,0.0
20201108:0330,0.0
20201108:0430,0.0
20201108:0530,0.0
20201108:0630,0.0
20201108:0730,0.0
20201108:0830,0.0
20201108:0930,0.0
20201108:1030,0.0
20201108:1130,0.0
20201108:1230,0.0
20201108:1330,0.0
20201108:1430,120.26
20201108:1530,302.41
20201108:1630,459.01
20201108:1730,564.56
20201108:1830,607.32
20201108:1930,586.66
20201108:2030,506.31
20201108:2130,373.26
20201108:2230,197.31
20201108:2330,15.3
20201109:0030,0.0
20201109:0130,0.0
20201109:0230,0.0
20201109:0330,0.0
20201109:0430,0.0
20201109:0530,0.0
20201109:0630,0.0
20201109:0730,0.0
20201109:0830,0.0
20201109:0930,0.0
20201109:1030,0.0
20201109:1130,0.0
20201109:1230,0.0
20201109:1330,0.0
20201109:1430,98.35
20201109:1530,243.71
20201109:1630,364.01
20201109:1730,341.41
20201109:1830,214.7
20201109:1930,206.55
20201109:2030,265.41
20201109:2130,181.3
20201109:2230,116.3
20201109:2330,11.35
20201110:0030,0.0
20201110:0130,0.0
20201110:0230,0.0
20201110:0330,0.0
20201110:0430,0.0
20201110:0530,0.0
20201110:0630,0.0
20201110:0730,0.0
20201110:0830,0.0
20201110:0930,0.0
20201110:1030,0.0
20201110:1130,0.0
20201110:1230,0.0
20201110:1330,0.0
20201110:1430,116.31
20201110:1530,298.36
20201110:1630,457.71
20201110:1730,562.36
20201110:1830,610.17
20201110:1930,593.07
20201110:2030,499.91
20201110:2130,371.66
20201110:2230,196.16
20201110:2330,15.9
20201111:0030,0.0
20201111:0130,0.0
20201111:0230,0.0
20201111:0330,0.0
20201111:0430,0.0
20201111:0530,0.0
20201111:0630,0.0
20201111:0730,0.0
20201111:0830,0.0
20201111:0930,0.0
20201111:1030,0.0
20201111:1130,0.0
20201111:1230,0.0
20201111:1330,0.0
20201111:1430,112.16
20201111:1530,293.86
20201111:1630,451.41
20201111:1730,559.66
20201111:1830,603.87
20201111:1930,585.57
20201111:2030,504.36
20201111:2130,364.01
20201111:2230,193.86
20201111:2330,13.1
20201112:0030,0.0
20201112:0130,0.0
20201112:0230,0.0
20201112:0330,0.0
20201112:0430,0.0
20201112:0530,0.0
20201112:0630,0.0
20201112:0730,0.0
20201112:0830,0.0
20201112:0930,0.0
20201112:1030,0.0
20201112:1130,0.0
20201112:1230,0.0
20201112:1330,0.0
20201112:1430,94.45
20201112:1530,266.16
20201112:1630,412.71
20201112:1730,541.56
20201112:1830,589.72
20201112:1930,569.61
20201112:2030,498.46
20201112:2130,362.11
20201112:2230,190.01
20201112:2330,12.5
20201113:0030,0.0
20201113:0130,0.0
20201113:0230,0.0
20201113:0330,0.0
20201113:0430,0.0
20201113:0530,0.0
20201113:0630,0.0
20201113:0730,0.0
20201113:0830,0.0
20201113:0930,0.0
20201113:1030,0.0
20201113:1130,0.0
20201113:1230,0.0
20201113:1330,0.0
20201113:1430,105.11
20201113:1530,285.21
20201113:1630,441.81
20201113:1730,549.57
20201113:1830,593.87
20201113:1930,574.57
20201113:2030,492.51
20201113:2130,356.86
20201113:2230,184.56
20201113:2330,11.9
20201114:0030,0.0
20201114:0130,0.0
20201114:0230,0.0
20201114:0330,0.0
20201114:0430,0.0
20201114:0530,0.0
20201114:0630,0.0
20201114:0730,0.0
20201114:0830,0.0
20201114:0930,0.0
20201114:1030,0.0
20201114:1130,0.0
20201114:1230,0.0
20201114:1330,0.0
20201114:1430,90.7
20201114:1530,251.76
20201114:1630,338.01
20201114:1730,354.16
20201114:1830,503.81
20201114:1930,524.81
20201114:2030,465.21
20201114:2130,340.16
20201114:2230,173.31
20201114:2330,12.05
20201115:0030,0.0
20201115:0130,0.0
20201115:0230,0.0
20201115:0330,0.0
20201115:0430,0.0
20201115:0530,0.0
20201115:0630,0.0
20201115:0730,0.0
20201115:0830,0.0
20201115:0930,0.0
20201115:1030,0.0
20201115:1130,0.0
20201115:1230,0.0
20201115:1330,0.0
20201115:1430,92.71
20201115:1530,263.01
20201115:1630,411.01
20201115:1730,510.76
20201115:1830,565.07
20201115:1930,544.46
20201115:2030,469.16
20201115:2130,337.56
20201115:2230,171.96
20201115:2330,11.2
20201116:0030,0.0
20201116:0130,0.0
20201116:0230,0.0
20201116:0330,0.0
20201116:0430,0.0
20201116:0530,0.0
20201116:0630,0.0
20201116:0730,0.0
20201116:0830,0.0
20201116:0930,0.0
20201116:1030,0.0
20201116:1130,0.0
20201116:1230,0.0
20201116:1330,0.0
20201116:1430,87.91
20201116:1530,251.01
20201116:1630,404.01
20201116:1730,506.51
20201116:1830,550.91
20201116:1930,534.01
20201116:2030,457.51
20201116:2130,327.81
20201116:2230,167.26
20201116:2330,10.45
20201117:0030,0.0
20201117:0130,0.0
20201117:0230,0.0
20201117:0330,0.0
20201117:0430,0.0
20201117:0530,0.0
20201117:0630,0.0
20201117:0730,0.0
20201117:0830,0.0
20201117:0930,0.0
20201117:1030,0.0
20201117:1130,0.0
20201117:1230,0.0
20201117:1330,0.0
20201117:1430,87.11
20201117:1530,259.41
20201117:1630,412.71
20201117:1730,519.01
20201117:1830,566.42
20201117:1930,550.32
20201117:2030,473.16
20201117:2130,341.61
20201117:2230,173.01
20201117:2330,10.3
20201118:0030,0.0
20201118:0130,0.0
20201118:0230,0.0
20201118:0330,0.0
20201118:0430,0.0
20201118:0530,0.0
20201118:0630,0.0
20201118:0730,0.0
20201118:0830,0.0
20201118:0930,0.0
20201118:1030,0.0
20201118:1130,0.0
20201118:1230,0.0
20201118:1330,0.0
20201118:1430,80.15
20201118:1530,216.86
20201118:1630,347.26
20201118:1730,397.26
20201118:1830,408.91
20201118:1930,411.51
20201118:2030,329.46
20201118:2130,262.11
20201118:2230,146.61
20201118:2330,11.25
20201119:0030,0.0
20201119:0130,0.0
20201119:0230,0.0
20201119:0330,0.0
20201119:0430,0.0
20201119:0530,0.0
20201119:0630,0.0
20201119:0730,0.0
20201119:0830,0.0
20201119:0930,0.0
20201119:1030,0.0
20201119:1130,0.0
20201119:1230,0.0
20201119:1330,0.0
20201119:1430,78.66
20201119:1530,244.16
20201119:1630,392.71
20201119:1730,495.76
20201119:1830,540.67
20201119:1930,525.11
20201119:2030,449.41
20201119:2130,321.26
20201119:2230,160.51
20201119:2330,9.4
20201120:0030,0.0
20201120:0130,0.0
20201120:0230,0.0
20201120:0330,0.0
20201120:0430,0.0
20201120:0530,0.0
20201120:0630,0.0
20201120:0730,0.0
20201120:0830,0.0
20201120:0930,0.0
20201120:1030,0.0
20201120:1130,0.0
20201120:1230,0.0
20201120:1330,0.0
20201120:1430,74.61
20201120:1530,236.66
20201120:1630,383.81
20201120:1730,486.36
20201120:1830,533.72
20201120:1930,517.76
20201120:2030,446.66
20201120:2130,300.36
20201120:2230,135.65
20201120:2330,11.65
20201121:0030,0.0
20201121:0130,0.0
20201121:0230,0.0
20201121:0330,0.0
20201121:0430,0.0
20201121:0530,0.0
20201121:0630,0.0
20201121:0730,0.0
20201121:0830,0.0
20201121:0930,0.0
20201121:1030,0.0
20201121:1130,0.0
20201121:1230,0.0
20201121:1330,0.0
20201121:1430,63.09
20201121:1530,235.71
20201121:1630,380.66
20201121:1730,483.31
20201121:1830,516.86
20201121:1930,451.61
20201121:2030,359.81
20201121:2130,251.06
20201121:2230,144.46
20201121:2330,9.0
20201122:0030,0.0
20201122:0130,0.0
20201122:0230,0.0
20201122:0330,0.0
20201122:0430,0.0
20201122:0530,0.0
20201122:0630,0.0
20201122:0730,0.0
20201122:0830,0.0
20201122:0930,0.0
20201122:1030,0.0
20201122:1130,0.0
20201122:1230,0.0
20201122:1330,0.0
20201122:1430,63.61
20201122:1530,239.41
20201122:1630,390.76
20201122:1730,494.91
20201122:1830,545.57
20201122:1930,529.77
20201122:2030,454.66
20201122:2130,289.21
20201122:2230,146.31
20201122:2330,11.3
20201123:0030,0.0
20201123:0130,0.0
20201123:0230,0.0
20201123:0330,0.0
20201123:0430,0.0
20201123:0530,0.0
20201123:0630,0.0
20201123:0730,0.0
20201123:0830,0.0
20201123:0930,0.0
20201123:1030,0.0
20201123:1130,0.0
20201123:1230,0.0
20201123:1330,0.0
20201123:1430,49.19
20201123:1530,199.66
20201123:1630,333.01
20201123:1730,447.66
20201123:1830,499.81
20201123:1930,492.26
20201123:2030,424.26
20201123:2130,294.86
20201123:2230,141.86
20201123:2330,9.7
20201124:0030,0.0
20201124:0130,0.0
20201124:0230,0.0
20201124:0330,0.0
20201124:0430,0.0
20201124:0530,0.0
20201124:0630,0.0
20201124:0730,0.0
20201124:0830,0.0
20201124:0930,0.0
20201124:1030,0.0
20201124:1130,0.0
20201124:1230,0.0
20201124:1330,0.0
20201124:1430,9.22
20201124:1530,40.3
20201124:1630,87.6
20201124:1730,135.7
20201124:1830,352.51
20201124:1930,342.71
20201124:2030,373.61
20201124:2130,279.41
20201124:2230,135.31
20201124:2330,8.9
20201125:0030,0.0
20201125:0130,0.0
20201125:0230,0.0
20201125:0330,0.0
20201125:0430,0.0
20201125:0530,0.0
20201125:0630,0.0
20201125:0730,0.0
20201125:0830,0.0
20201125:0930,0.0
20201125:1030,0.0
20201125:1130,0.0
20201125:1230,0.0
20201125:1330,0.0
20201125:1430,57.78
20201125:1530,234.01
20201125:1630,388.41
20201125:1730,496.62
20201125:1830,546.27
20201125:1930,532.77
20201125:2030,457.21
20201125:2130,327.46
20201125:2230,160.71
20201125:2330,8.5
20201126:0030,0.0
20201126:0130,0.0
20201126:0230,0.0
20201126:0330,0.0
20201126:0430,0.0
20201126:0530,0.0
20201126:0630,0.0
20201126:0730,0.0
20201126:0830,0.0
20201126:0930,0.0
20201126:1030,0.0
20201126:1130,0.0
20201126:1230,0.0
20201126:1330,0.0
20201126:1430,53.73
20201126:1530,225.01
20201126:1630,374.61
20201126:1730,480.06
20201126:1830,526.42
20201126:1930,506.21
20201126:2030,430.21
20201126:2130,310.51
20201126:2230,146.41
20201126:2330,9.25
20201127:0030,0.0
20201127:0130,0.0
20201127:0230,0.0
20201127:0330,0.0
20201127:0430,0.0
20201127:0530,0.0
20201127:0630,0.0
20201127:0730,0.0
20201127:0830,0.0
20201127:0930,0.0
20201127:1030,0.0
20201127:1130,0.0
20201127:1230,0.0
20201127:1330,0.0
20201127:1430,51.01
20201127:1530,225.11
20201127:1630,379.01
20201127:1730,487.12
20201127:1830,539.47
20201127:1930,526.22
20201127:2030,451.21
20201127:2130,322.76
20201127:2230,157.36
20201127:2330,8.2
20201128:0030,0.0
20201128:0130,0.0
20201128:0230,0.0
20201128:0330,0.0
20201128:0430,0.0
20201128:0530,0.0
20201128:0630,0.0
20201128:0730,0.0
20201128:0830,0.0
20201128:0930,0.0
20201128:1030,0.0
20201128:1130,0.0
20201128:1230,0.0
20201128:1330,0.0
20201128:1430,50.93
20201128:1530,224.41
20201128:1630,377.81
20201128:1730,485.82
20201128:1830,535.02
20201128:1930,521.97
20201128:2030,447.16
20201128:2130,318.91
20201128:2230,154.56
20201128:2330,7.9
20201129:0030,0.0
20201129:0130,0.0
20201129:0230,0.0
20201129:0330,0.0
20201129:0430,0.0
20201129:0530,0.0
20201129:0630,0.0
20201129:0730,0.0
20201129:0830,0.0
20201129:0930,0.0
20201129:1030,0.0
20201129:1130,0.0
20201129:1230,0.0
20201129:1330,0.0
20201129:1430,43.53
20201129:1530,157.81
20201129:1630,254.16
20201129:1730,336.71
20201129:1830,521.77
20201129:1930,511.17
20201129:2030,439.36
20201129:2130,313.76
20201129:2230,151.76
20201129:2330,7.8
20201130:0030,0.0
20201130:0130,0.0
20201130:0230,0.0
20201130:0330,0.0
20201130:0430,0.0
20201130:0530,0.0
20201130:0630,0.0
20201130:0730,0.0
20201130:0830,0.0
20201130:0930,0.0
20201130:1030,0.0
20201130:1130,0.0
20201130:1230,0.0
20201130:1330,0.0
20201130:1430,47.65
20201130:1530,221.91
20201130:1630,377.11
20201130:1730,486.52
20201130:1830,535.82
20201130:1930,523.87
20201130:2030,449.61
20201130:2130,321.06
20201130:2230,155.46
20201130:2330,7.7
20201201:0030,0.0
20201201:0130,0.0
20201201:0230,0.0
20201201:0330,0.0
20201201:0430,0.0
20201201:0530,0.0
20201201:0630,0.0
20201201:0730,0.0
20201201:0830,0.0
20201201:0930,0.0
20201201:1030,0.0
20201201:1130,0.0
20201201:1230,0.0
20201201:1330,0.0
20201201:1430,16.62
20201201:1530,58.4
20201201:1630,155.65
20201201:1730,199.4
20201201:1830,258.0
20201201:1930,284.95
20201201:2030,247.1
20201201:2130,122.5
20201201:2230,71.35
20201201:2330,8.9
20201202:0030,0.0
20201202:0130,0.0
20201202:0230,0.0
20201202:0330,0.0
20201202:0430,0.0
20201202:0530,0.0
20201202:0630,0.0
20201202:0730,0.0
20201202:0830,0.0
20201202:0930,0.0
20201202:1030,0.0
20201202:1130,0.0
20201202:1230,0.0
20201202:1330,0.0
20201202:1430,37.07
20201202:1530,168.1
20201202:1630,291.61
20201202:1730,366.51
20201202:1830,359.46
20201202:1930,297.9
20201202:2030,253.55
20201202:2130,197.8
20201202:2230,107.7
20201202:2330,9.3
20201203:0030,0.0
20201203:0130,0.0
20201203:0230,0.0
20201203:0330,0.0
20201203:0430,0.0
20201203:0530,0.0
20201203:0630,0.0
20201203:0730,0.0
20201203:0830,0.0
20201203:0930,0.0
20201203:1030,0.0
20201203:1130,0.0
20201203:1230,0.0
20201203:1330,0.0
20201203:1430,39.45
20201203:1530,198.16
20201203:1630,342.86
20201203:1730,462.86
20201203:1830,520.52
20201203:1930,512.42
20201203:2030,440.66
20201203:2130,314.51
20201203:2230,151.01
20201203:2330,7.35
20201204:0030,0.0
20201204:0130,0.0
20201204:0230,0.0
20201204:0330,0.0
20201204:0430,0.0
20201204:0530,0.0
20201204:0630,0.0
20201204:0730,0.0
20201204:0830,0.0
20201204:0930,0.0
20201204:1030,0.0
20201204:1130,0.0
20201204:1230,0.0
20201204:1330,0.0
20201204:1430,38.17
20201204:1530,200.36
20201204:1630,351.51
20201204:1730,459.62
20201204:1830,510.52
20201204:1930,500.37
20201204:2030,429.76
20201204:2130,306.21
20201204:2230,146.86
20201204:2330,7.2
20201205:0030,0.0
20201205:0130,0.0
20201205:0230,0.0
20201205:0330,0.0
20201205:0430,0.0
20201205:0530,0.0
20201205:0630,0.0
20201205:0730,0.0
20201205:0830,0.0
20201205:0930,0.0
20201205:1030,0.0
20201205:1130,0.0
20201205:1230,0.0
20201205:1330,0.0
20201205:1430,36.55
20201205:1530,197.31
20201205:1630,347.91
20201205:1730,455.77
20201205:1830,507.32
20201205:1930,497.67
20201205:2030,427.56
20201205:2130,304.66
20201205:2230,146.01
20201205:2330,7.1
20201206:0030,0.0
20201206:0130,0.0
20201206:0230,0.0
20201206:0330,0.0
20201206:0430,0.0
20201206:0530,0.0
20201206:0630,0.0
20201206:0730,0.0
20201206:0830,0.0
20201206:0930,0.0
20201206:1030,0.0
20201206:1130,0.0
20201206:1230,0.0
20201206:1330,0.0
20201206:1430,35.11
20201206:1530,194.86
20201206:1630,347.16
20201206:1730,455.92
20201206:1830,507.77
20201206:1930,498.57
20201206:2030,426.26
20201206:2130,306.16
20201206:2230,146.86
20201206:2330,7.05
20201207:0030,0.0
20201207:0130,0.0
20201207:0230,0.0
20201207:0330,0.0
20201207:0430,0.0
20201207:0530,0.0
20201207:0630,0.0
20201207:0730,0.0
20201207:0830,0.0
20201207:0930,0.0
20201207:1030,0.0
20201207:1130,0.0
20201207:1230,0.0
20201207:1330,0.0
20201207:1430,33.14
20201207:1530,191.01
20201207:1630,342.86
20201207:1730,452.92
20201207:1830,508.67
20201207:1930,500.62
20201207:2030,430.86
20201207:2130,307.36
20201207:2230,147.56
20201207:2330,7.0
20201208:0030,0.0
20201208:0130,0.0
20201208:0230,0.0
20201208:0330,0.0
20201208:0430,0.0
20201208:0530,0.0
20201208:0630,0.0
20201208:0730,0.0
20201208:0830,0.0
20201208:0930,0.0
20201208:1030,0.0
20201208:1130,0.0
20201208:1230,0.0
20201208:1330,0.0
20201208:1430,32.95
20201208:1530,194.66
20201208:1630,349.26
20201208:1730,460.62
20201208:1830,515.12
20201208:1930,505.97
20201208:2030,435.17
20201208:2130,310.51
20201208:2230,149.36
20201208:2330,6.95
20201209:0030,0.0
20201209:0130,0.0
20201209:0230,0.0
20201209:0330,0.0
20201209:0430,0.0
20201209:0530,0.0
20201209:0630,0.0
20201209:0730,0.0
20201209:0830,0.0
20201209:0930,0.0
20201209:1030,0.0
20201209:1130,0.0
20201209:1230,0.0
20201209:1330,0.0
20201209:1430,31.65
20201209:1530,192.96
20201209:1630,348.61
20201209:1730,460.97
20201209:1830,514.72
20201209:1930,507.62
20201209:2030,437.77
20201209:2130,312.81
20201209:2230,150.51
20201209:2330,7.05
20201210:0030,0.0
20201210:0130,0.0
20201210:0230,0.0
20201210:0330,0.0
20201210:0430,0.0
20201210:0530,0.0
20201210:0630,0.0
20201210:0730,0.0
20201210:0830,0.0
20201210:0930,0.0
20201210:1030,0.0
20201210:1130,0.0
20201210:1230,0.0
20201210:1330,0.0
20201210:1430,15.45
20201210:1530,180.31
20201210:1630,275.01
20201210:1730,329.11
20201210:1830,351.06
20201210:1930,245.5
20201210:2030,223.9
20201210:2130,164.25
20201210:2230,69.25
20201210:2330,6.85
20201211:0030,0.0
20201211:0130,0.0
20201211:0230,0.0
20201211:0330,0.0
20201211:0430,0.0
20201211:0530,0.0
20201211:0630,0.0
20201211:0730,0.0
20201211:0830,0.0
20201211:0930,0.0
20201211:1030,0.0
20201211:1130,0.0
20201211:1230,0.0
20201211:1330,0.0
20201211:1430,11.85
20201211:1530,89.3
20201211:1630,177.0
20201211:1730,198.25
20201211:1830,212.95
20201211:1930,220.1
20201211:2030,131.95
20201211:2130,146.35
20201211:2230,98.25
20201211:2330,8.25
20201212:0030,0.0
20201212:0130,0.0
20201212:0230,0.0
20201212:0330,0.0
20201212:0430,0.0
20201212:0530,0.0
20201212:0630,0.0
20201212:0730,0.0
20201212:0830,0.0
20201212:0930,0.0
20201212:1030,0.0
20201212:1130,0.0
20201212:1230,0.0
20201212:1330,0.0
20201212:1430,18.15
20201212:1530,101.25
20201212:1630,185.25
20201212:1730,279.6
20201212:1830,343.96
20201212:1930,274.9
20201212:2030,196.8
20201212:2130,99.25
20201212:2230,72.25
20201212:2330,7.15
20201213:0030,0.0
20201213:0130,0.0
20201213:0230,0.0
20201213:0330,0.0
20201213:0430,0.0
20201213:0530,0.0
20201213:0630,0.0
20201213:0730,0.0
20201213:0830,0.0
20201213:0930,0.0
20201213:1030,0.0
20201213:1130,0.0
20201213:1230,0.0
20201213:1330,0.0
20201213:1430,13.35
20201213:1530,135.61
20201213:1630,297.96
20201213:1730,439.56
20201213:1830,510.72
20201213:1930,504.52
20201213:2030,436.22
20201213:2130,311.86
20201213:2230,151.56
20201213:2330,7.65
20201214:0030,0.0
20201214:0130,0.0
20201214:0230,0.0
20201214:0330,0.0
20201214:0430,0.0
20201214:0530,0.0
20201214:0630,0.0
20201214:0730,0.0
20201214:0830,0.0
20201214:0930,0.0
20201214:1030,0.0
20201214:1130,0.0
20201214:1230,0.0
20201214:1330,0.0
20201214:1430,17.45
20201214:1530,147.91
20201214:1630,265.96
20201214:1730,350.11
20201214:1830,404.36
20201214:1930,396.91
20201214:2030,262.3
20201214:2130,194.05
20201214:2230,90.35
20201214:2330,7.2
20201215:0030,0.0
20201215:0130,0.0
20201215:0230,0.0
20201215:0330,0.0
20201215:0430,0.0
20201215:0530,0.0
20201215:0630,0.0
20201215:0730,0.0
20201215:0830,0.0
20201215:0930,0.0
20201215:1030,0.0
20201215:1130,0.0
20201215:1230,0.0
20201215:1330,0.0
20201215:1430,15.4
20201215:1530,113.6
20201215:1630,200.75
20201215:1730,350.51
20201215:1830,429.26
20201215:1930,348.86
20201215:2030,396.36
20201215:2130,298.41
20201215:2230,148.66
20201215:2330,7.8
20201216:0030,0.0
20201216:0130,0.0
20201216:0230,0.0
20201216:0330,0.0
20201216:0430,0.0
20201216:0530,0.0
20201216:0630,0.0
20201216:0730,0.0
20201216:0830,0.0
20201216:0930,0.0
20201216:1030,0.0
20201216:1130,0.0
20201216:1230,0.0
20201216:1330,0.0
20201216:1430,12.05
20201216:1530,162.11
20201216:1630,311.61
20201216:1730,395.76
20201216:1830,420.66
20201216:1930,458.51
20201216:2030,384.61
20201216:2130,250.46
20201216:2230,121.61
20201216:2330,6.75
20201217:0030,0.0
20201217:0130,0.0
20201217:0230,0.0
20201217:0330,0.0
20201217:0430,0.0
20201217:0530,0.0
20201217:0630,0.0
20201217:0730,0.0
20201217:0830,0.0
20201217:0930,0.0
20201217:1030,0.0
20201217:1130,0.0
20201217:1230,0.0
20201217:1330,0.0
20201217:1430,11.55
20201217:1530,164.11
20201217:1630,295.26
20201217:1730,359.86
20201217:1830,431.41
20201217:1930,337.71
20201217:2030,224.25
20201217:2130,181.45
20201217:2230,87.75
20201217:2330,9.55
20201218:0030,0.0
20201218:0130,0.0
20201218:0230,0.0
20201218:0330,0.0
20201218:0430,0.0
20201218:0530,0.0
20201218:0630,0.0
20201218:0730,0.0
20201218:0830,0.0
20201218:0930,0.0
20201218:1030,0.0
20201218:1130,0.0
20201218:1230,0.0
20201218:1330,0.0
20201218:1430,13.4
20201218:1530,109.35
20201218:1630,178.75
20201218:1730,284.55
20201218:1830,253.55
20201218:1930,259.4
20201218:2030,211.95
20201218:2130,190.51
20201218:2230,129.81
20201218:2330,9.45
20201219:0030,0.0
20201219:0130,0.0
20201219:0230,0.0
20201219:0330,0.0
20201219:0430,0.0
20201219:0530,0.0
20201219:0630,0.0
20201219:0730,0.0
20201219:0830,0.0
20201219:0930,0.0
20201219:1030,0.0
20201219:1130,0.0
20201219:1230,0.0
20201219:1330,0.0
20201219:1430,10.65
20201219:1530,169.06
20201219:1630,320.56
20201219:1730,434.62
20201219:1830,482.82
20201219:1930,464.16
20201219:2030,360.41
20201219:2130,294.11
20201219:2230,152.81
20201219:2330,7.95
20201220:0030,0.0
20201220:0130,0.0
20201220:0230,0.0
20201220:0330,0.0
20201220:0430,0.0
20201220:0530,0.0
20201220:0630,0.0
20201220:0730,0.0
20201220:0830,0.0
20201220:0930,0.0
20201220:1030,0.0
20201220:1130,0.0
20201220:1230,0.0
20201220:1330,0.0
20201220:1430,13.25
20201220:1530,140.86
20201220:1630,237.91
20201220:1730,243.2
20201220:1830,296.8
20201220:1930,365.86
20201220:2030,394.91
20201220:2130,264.36
20201220:2230,144.71
20201220:2330,8.35
20201221:0030,0.0
20201221:0130,0.0
20201221:0230,0.0
20201221:0330,0.0
20201221:0430,0.0
20201221:0530,0.0
20201221:0630,0.0
20201221:0730,0.0
20201221:0830,0.0
20201221:0930,0.0
20201221:1030,0.0
20201221:1130,0.0
20201221:1230,0.0
20201221:1330,0.0
20201221:1430,12.3
20201221:1530,122.05
20201221:1630,218.51
20201221:1730,272.76
20201221:1830,472.17
20201221:1930,469.27
20201221:2030,406.81
20201221:2130,274.01
20201221:2230,150.36
20201221:2330,8.2
20201222:0030,0.0
20201222:0130,0.0
20201222:0230,0.0
20201222:0330,0.0
20201222:0430,0.0
20201222:0530,0.0
20201222:0630,0.0
20201222:0730,0.0
20201222:0830,0.0
20201222:0930,0.0
20201222:1030,0.0
20201222:1130,0.0
20201222:1230,0.0
20201222:1330,0.0
20201222:1430,10.4
20201222:1530,157.86
20201222:1630,305.51
20201222:1730,430.52
20201222:1830,489.12
20201222:1930,486.97
20201222:2030,423.86
20201222:2130,306.56
20201222:2230,153.81
20201222:2330,8.6
20201223:0030,0.0
20201223:0130,0.0
20201223:0230,0.0
20201223:0330,0.0
20201223:0430,0.0
20201223:0530,0.0
20201223:0630,0.0
20201223:0730,0.0
20201223:0830,0.0
20201223:0930,0.0
20201223:1030,0.0
20201223:1130,0.0
20201223:1230,0.0
20201223:1330,0.0
20201223:1430,9.65
20201223:1530,156.76
20201223:1630,290.21
20201223:1730,406.46
20201223:1830,429.91
20201223:1930,401.81
20201223:2030,329.46
20201223:2130,243.56
20201223:2230,127.35
20201223:2330,9.95
20201224:0030,0.0
20201224:0130,0.0
20201224:0230,0.0
20201224:0330,0.0
20201224:0430,0.0
20201224:0530,0.0
20201224:0630,0.0
20201224:0730,0.0
20201224:0830,0.0
20201224:0930,0.0
20201224:1030,0.0
20201224:1130,0.0
20201224:1230,0.0
20201224:1330,0.0
20201224:1430,8.95
20201224:1530,159.01
20201224:1630,311.26
20201224:1730,424.56
20201224:1830,466.01
20201224:1930,480.62
20201224:2030,423.61
20201224:2130,309.76
20201224:2230,157.51
20201224:2330,8.9
20201225:0030,0.0
20201225:0130,0.0
20201225:0230,0.0
20201225:0330,0.0
20201225:0430,0.0
20201225:0530,0.0
20201225:0630,0.0
20201225:0730,0.0
20201225:0830,0.0
20201225:0930,0.0
20201225:1030,0.0
20201225:1130,0.0
20201225:1230,0.0
20201225:1330,0.0
20201225:1430,8.95
20201225:1530,163.61
20201225:1630,320.36
20201225:1730,437.22
20201225:1830,495.97
20201225:1930,495.82
20201225:2030,435.62
20201225:2130,319.96
20201225:2230,164.61
20201225:2330,9.25
20201226:0030,0.0
20201226:0130,0.0
20201226:0230,0.0
20201226:0330,0.0
20201226:0430,0.0
20201226:0530,0.0
20201226:0630,0.0
20201226:0730,0.0
20201226:0830,0.0
20201226:0930,0.0
20201226:1030,0.0
20201226:1130,0.0
20201226:1230,0.0
20201226:1330,0.0
20201226:1430,11.7
20201226:1530,156.96
20201226:1630,312.71
20201226:1730,429.62
20201226:1830,491.87
20201226:1930,490.92
20201226:2030,430.02
20201226:2130,315.31
20201226:2230,162.36
20201226:2330,9.15
20201227:0030,0.0
20201227:0130,0.0
20201227:0230,0.0
20201227:0330,0.0
20201227:0430,0.0
20201227:0530,0.0
20201227:0630,0.0
20201227:0730,0.0
20201227:0830,0.0
20201227:0930,0.0
20201227:1030,0.0
20201227:1130,0.0
20201227:1230,0.0
20201227:1330,0.0
20201227:1430,9.25
20201227:1530,147.96
20201227:1630,302.01
20201227:1730,429.47
20201227:1830,484.47
20201227:1930,481.87
20201227:2030,394.21
20201227:2130,253.66
20201227:2230,127.05
20201227:2330,14.05
20201228:0030,0.0
20201228:0130,0.0
20201228:0230,0.0
20201228:0330,0.0
20201228:0430,0.0
20201228:0530,0.0
20201228:0630,0.0
20201228:0730,0.0
20201228:0830,0.0
20201228:0930,0.0
20201228:1030,0.0
20201228:1130,0.0
20201228:1230,0.0
20201228:1330,0.0
20201228:1430,6.4
20201228:1530,100.65
20201228:1630,243.16
20201228:1730,345.61
20201228:1830,205.95
20201228:1930,180.15
20201228:2030,122.95
20201228:2130,51.95
20201228:2230,62.45
20201228:2330,7.6
20201229:0030,0.0
20201229:0130,0.0
20201229:0230,0.0
20201229:0330,0.0
20201229:0430,0.0
20201229:0530,0.0
20201229:0630,0.0
20201229:0730,0.0
20201229:0830,0.0
20201229:0930,0.0
20201229:1030,0.0
20201229:1130,0.0
20201229:1230,0.0
20201229:1330,0.0
20201229:1430,8.7
20201229:1530,158.86
20201229:1630,291.11
20201229:1730,346.46
20201229:1830,429.21
20201229:1930,421.41
20201229:2030,379.76
20201229:2130,255.81
20201229:2230,132.76
20201229:2330,11.25
20201230:0030,0.0
20201230:0130,0.0
20201230:0230,0.0
20201230:0330,0.0
20201230:0430,0.0
20201230:0530,0.0
20201230:0630,0.0
20201230:0730,0.0
20201230:0830,0.0
20201230:0930,0.0
20201230:1030,0.0
20201230:1130,0.0
20201230:1230,0.0
20201230:1330,0.0
20201230:1430,8.4
20201230:1530,165.31
20201230:1630,326.61
20201230:1730,445.17
20201230:1830,511.12
20201230:1930,513.82
20201230:2030,452.92
20201230:2130,335.01
20201230:2230,176.71
20201230:2330,10.85
20201231:0030,0.0
20201231:0130,0.0
20201231:0230,0.0
20201231:0330,0.0
20201231:0430,0.0
20201231:0530,0.0
20201231:0630,0.0
20201231:0730,0.0
20201231:0830,0.0
20201231:0930,0.0
20201231:1030,0.0
20201231:1130,0.0
20201231:1230,0.0
20201231:1330,0.0
20201231:1430,8.8
20201231:1530,156.36
20201231:1630,307.36
20201231:1730,421.26
20201231:1830,494.42
20201231:1930,496.92
20201231:2030,438.07
20201231:2130,323.56
20201231:2230,323.57
20201231:2330,0.0
